-0.16	-0.16	0.01	-0.00	0.50	0.50	0.00	0.00
-0.16	-0.16	0.00	-0.00	0.50	0.36	0.00	0.24
-0.16	-0.16	0.00	-0.01	0.50	0.36	0.00	0.24
-0.16	-0.16	0.01	-0.01	0.50	0.35	0.00	0.25
-0.16	-0.16	0.01	-0.01	0.50	0.36	0.00	0.24
-0.16	-0.16	0.01	-0.01	0.50	0.36	0.00	0.24
-0.16	-0.16	0.01	-0.01	0.50	0.36	0.00	0.24
-0.16	-0.16	0.00	-0.01	0.50	0.36	0.00	0.24
-0.16	-0.16	0.01	-0.01	0.50	0.36	0.00	0.24
-0.16	-0.16	0.01	-0.00	0.50	0.36	0.00	0.24
-0.16	-0.16	0.00	-0.01	0.50	0.36	0.00	0.24
-0.16	-0.16	0.01	-0.01	0.50	0.36	0.00	0.24
-0.16	-0.16	0.00	-0.01	0.50	0.36	0.00	0.24
-0.16	-0.16	0.00	-0.01	0.50	0.36	0.00	0.24
-0.16	-0.16	0.01	-0.01	0.50	0.35	0.00	0.25
-0.16	-0.16	0.00	-0.01	0.50	0.36	0.00	0.24
-0.16	-0.16	0.00	-0.01	0.50	0.36	0.00	0.24
-0.16	-0.16	0.01	-0.01	0.50	0.36	0.00	0.24
-0.16	-0.16	0.00	-0.01	0.50	0.36	0.00	0.24
-0.16	-0.16	0.01	-0.01	0.50	0.36	0.00	0.24
-0.16	-0.16	0.01	-0.01	0.50	0.35	0.00	0.25
-0.16	-0.16	0.00	-0.01	0.50	0.36	0.00	0.24
-0.16	-0.16	0.00	-0.01	0.50	0.36	0.00	0.24
-0.16	-0.16	0.00	-0.01	0.50	0.36	0.00	0.24
-0.16	-0.16	0.00	-0.01	0.50	0.36	0.00	0.24
-0.16	-0.16	0.00	-0.01	0.50	0.36	0.00	0.24
-0.16	-0.16	0.00	-0.01	0.50	0.35	0.00	0.25
-0.16	-0.16	0.00	-0.01	0.50	0.36	0.00	0.24
-0.16	-0.16	0.01	-0.01	0.50	0.35	0.00	0.25
-0.16	-0.16	0.00	-0.00	0.50	0.36	0.00	0.24
-0.16	-0.16	0.01	-0.01	0.50	0.35	0.00	0.25
-0.16	-0.16	0.00	-0.00	0.50	0.36	0.00	0.24
-0.16	-0.16	0.00	-0.00	0.50	0.36	0.00	0.24
-0.16	-0.16	0.00	-0.00	0.50	0.36	0.00	0.24
-0.16	-0.16	0.00	-0.00	0.50	0.36	0.00	0.24
-0.16	-0.16	0.00	0.00	0.50	0.37	0.00	0.23
-0.16	-0.16	0.00	0.01	0.50	0.37	0.00	0.23
-0.16	-0.16	0.00	0.01	0.50	0.37	0.00	0.23
-0.16	-0.16	0.00	0.00	0.50	0.37	0.00	0.23
-0.16	-0.16	0.01	0.01	0.50	0.36	0.00	0.24
-0.16	-0.16	0.00	0.01	0.50	0.37	0.00	0.23
-0.16	-0.16	0.01	0.01	0.50	0.37	0.00	0.23
-0.16	-0.16	0.01	0.01	0.50	0.37	0.00	0.23
-0.16	-0.16	0.01	0.01	0.50	0.37	0.00	0.23
-0.16	-0.16	0.02	0.02	0.50	0.36	0.00	0.24
-0.16	-0.16	0.01	0.03	0.50	0.39	0.00	0.21
-0.16	-0.16	0.02	0.04	0.50	0.38	0.00	0.22
-0.16	-0.16	0.02	0.03	0.50	0.38	0.00	0.22
-0.16	-0.16	0.03	0.03	0.50	0.37	0.00	0.23
-0.16	-0.16	0.03	0.04	0.50	0.38	0.00	0.22
-0.16	-0.16	0.03	0.04	0.50	0.37	0.00	0.23
-0.16	-0.16	0.04	0.04	0.50	0.36	0.00	0.24
-0.16	-0.16	0.04	0.04	0.50	0.38	0.00	0.22
-0.16	-0.16	0.05	0.05	0.50	0.37	0.00	0.23
-0.16	-0.16	0.05	0.05	0.50	0.37	0.00	0.23
-0.16	-0.16	0.06	0.06	0.50	0.37	0.00	0.23
-0.16	-0.16	0.07	0.07	0.50	0.37	0.00	0.23
-0.16	-0.16	0.06	0.07	0.50	0.38	0.00	0.22
-0.16	-0.16	0.07	0.08	0.50	0.37	0.00	0.23
-0.16	-0.16	0.08	0.08	0.50	0.37	0.00	0.23
-0.16	-0.16	0.09	0.09	0.50	0.37	0.00	0.23
-0.16	-0.16	0.09	0.10	0.50	0.37	0.00	0.23
-0.16	-0.16	0.10	0.09	0.50	0.36	0.00	0.24
-0.16	-0.16	0.11	0.10	0.50	0.37	0.00	0.23
-0.16	-0.16	0.11	0.11	0.50	0.37	0.00	0.23
-0.16	-0.15	0.12	0.11	0.50	0.35	0.00	0.25
-0.16	-0.15	0.13	0.12	0.50	0.37	0.00	0.23
-0.16	-0.15	0.14	0.13	0.50	0.36	0.00	0.24
-0.16	-0.15	0.14	0.14	0.50	0.37	0.00	0.23
-0.16	-0.15	0.15	0.15	0.50	0.36	0.00	0.24
-0.16	-0.15	0.16	0.15	0.50	0.36	0.00	0.24
-0.16	-0.15	0.16	0.16	0.50	0.37	0.00	0.23
-0.16	-0.15	0.17	0.16	0.50	0.35	0.00	0.25
-0.16	-0.15	0.18	0.16	0.50	0.35	0.00	0.25
-0.16	-0.15	0.19	0.17	0.50	0.36	0.00	0.24
-0.16	-0.15	0.20	0.18	0.50	0.34	0.00	0.26
-0.16	-0.15	0.21	0.20	0.50	0.36	0.00	0.24
-0.16	-0.15	0.21	0.21	0.50	0.36	0.00	0.24
-0.16	-0.15	0.23	0.21	0.50	0.35	0.00	0.25
-0.16	-0.15	0.23	0.22	0.50	0.35	0.00	0.25
-0.16	-0.15	0.24	0.23	0.50	0.35	0.00	0.25
-0.16	-0.15	0.25	0.23	0.50	0.33	0.00	0.27
-0.16	-0.15	0.26	0.23	0.50	0.34	0.00	0.26
-0.16	-0.15	0.27	0.23	0.50	0.33	0.00	0.27
-0.16	-0.15	0.27	0.25	0.50	0.34	0.00	0.26
-0.15	-0.15	0.29	0.26	0.50	0.32	0.00	0.28
-0.15	-0.15	0.29	0.27	0.50	0.33	0.00	0.27
-0.15	-0.15	0.30	0.28	0.50	0.33	0.00	0.27
-0.15	-0.15	0.31	0.29	0.50	0.33	0.00	0.27
-0.15	-0.15	0.32	0.30	0.50	0.34	0.00	0.26
-0.15	-0.15	0.33	0.31	0.50	0.33	0.00	0.27
-0.15	-0.15	0.34	0.32	0.50	0.33	0.00	0.27
-0.15	-0.15	0.35	0.33	0.50	0.33	0.00	0.27
-0.15	-0.15	0.35	0.34	0.50	0.34	0.00	0.26
-0.15	-0.14	0.37	0.35	0.50	0.33	0.00	0.27
-0.15	-0.14	0.38	0.35	0.50	0.33	0.00	0.27
-0.15	-0.14	0.39	0.36	0.50	0.33	0.00	0.27
-0.15	-0.14	0.40	0.37	0.50	0.33	0.00	0.27
-0.15	-0.14	0.40	0.38	0.50	0.33	0.00	0.27
-0.15	-0.14	0.42	0.39	0.50	0.32	0.00	0.28
-0.15	-0.14	0.43	0.40	0.50	0.32	0.00	0.28
-0.14	-0.14	0.43	0.41	0.50	0.32	0.00	0.28
-0.14	-0.14	0.44	0.42	0.50	0.31	0.00	0.29
-0.14	-0.14	0.46	0.43	0.50	0.31	0.00	0.29
-0.14	-0.14	0.46	0.44	0.50	0.32	0.00	0.28
-0.14	-0.14	0.47	0.46	0.50	0.34	0.00	0.26
-0.14	-0.14	0.48	0.47	0.50	0.34	0.00	0.26
-0.14	-0.13	0.49	0.48	0.50	0.34	0.00	0.26
-0.14	-0.13	0.50	0.49	0.50	0.33	0.00	0.27
-0.14	-0.13	0.51	0.50	0.50	0.33	0.00	0.27
-0.14	-0.13	0.52	0.51	0.50	0.32	0.00	0.28
-0.14	-0.13	0.53	0.52	0.50	0.32	0.00	0.28
-0.13	-0.13	0.55	0.53	0.50	0.32	0.00	0.28
-0.13	-0.13	0.56	0.55	0.50	0.33	0.00	0.27
-0.13	-0.13	0.57	0.57	0.50	0.35	0.00	0.25
-0.13	-0.13	0.58	0.57	0.50	0.33	0.00	0.27
-0.13	-0.13	0.59	0.58	0.50	0.34	0.00	0.26
-0.13	-0.12	0.61	0.60	0.50	0.33	0.00	0.27
-0.13	-0.12	0.62	0.61	0.50	0.33	0.00	0.27
-0.13	-0.12	0.63	0.63	0.50	0.34	0.00	0.26
-0.12	-0.12	0.64	0.64	0.50	0.33	0.00	0.27
-0.12	-0.12	0.65	0.66	0.50	0.35	0.00	0.25
-0.12	-0.12	0.67	0.69	0.50	0.37	0.00	0.23
-0.12	-0.12	0.68	0.69	0.50	0.36	0.00	0.24
-0.12	-0.12	0.71	0.70	0.50	0.32	0.00	0.28
-0.12	-0.11	0.72	0.71	0.50	0.34	0.00	0.26
-0.12	-0.11	0.74	0.73	0.50	0.32	0.00	0.28
-0.12	-0.11	0.76	0.76	0.50	0.34	0.00	0.26
-0.11	-0.11	0.77	0.78	0.50	0.37	0.00	0.23
-0.11	-0.11	0.79	0.79	0.50	0.34	0.00	0.26
-0.11	-0.11	0.82	0.81	0.50	0.33	0.00	0.27
-0.11	-0.11	0.83	0.84	0.50	0.35	0.00	0.25
-0.11	-0.10	0.87	0.86	0.50	0.32	0.00	0.28
-0.11	-0.10	0.89	0.90	0.50	0.36	0.01	0.24
-0.10	-0.10	0.91	0.92	0.50	0.33	0.07	0.27
-0.10	-0.10	0.93	0.95	0.43	0.36	0.17	0.24
-0.10	-0.10	0.96	0.97	0.34	0.34	0.26	0.26
-0.10	-0.10	0.99	0.99	0.26	0.34	0.34	0.26
-0.10	-0.09	1.02	1.03	0.15	0.36	0.45	0.24
-0.10	-0.09	1.04	1.05	0.08	0.33	0.50	0.27
-0.09	-0.09	1.09	1.09	0.00	0.35	0.50	0.25
-0.09	-0.09	1.09	1.12	0.00	0.37	0.50	0.23
-0.09	-0.09	1.14	1.15	0.00	0.36	0.50	0.24
-0.09	-0.09	1.17	1.19	0.00	0.34	0.50	0.26
-0.09	-0.08	1.23	1.23	0.00	0.32	0.50	0.28
-0.08	-0.08	1.24	1.27	0.00	0.35	0.50	0.25
-0.08	-0.08	1.29	1.31	0.00	0.32	0.50	0.28
-0.07	-0.08	1.32	1.32	0.00	0.24	0.50	0.36
-0.07	-0.08	1.36	1.37	0.00	0.26	0.50	0.34
-0.07	-0.08	1.38	1.39	0.00	0.23	0.50	0.37
-0.07	-0.07	1.42	1.43	0.00	0.24	0.50	0.36
-0.06	-0.07	1.46	1.45	0.00	0.17	0.50	0.43
-0.06	-0.07	1.50	1.49	0.00	0.18	0.50	0.42
-0.05	-0.07	1.50	1.51	0.00	0.17	0.50	0.43
-0.05	-0.06	1.55	1.55	0.00	0.17	0.50	0.43
-0.05	-0.06	1.56	1.55	0.00	0.09	0.50	0.50
-0.04	-0.06	1.62	1.60	0.00	0.11	0.50	0.49
-0.03	-0.06	1.62	1.62	0.00	0.07	0.50	0.50
-0.03	-0.05	1.67	1.66	0.00	0.08	0.50	0.50
-0.03	-0.05	1.68	1.67	0.00	0.09	0.50	0.50
-0.02	-0.05	1.72	1.70	0.00	0.07	0.50	0.50
-0.02	-0.04	1.73	1.72	0.00	0.10	0.50	0.50
-0.02	-0.04	1.75	1.76	0.00	0.10	0.50	0.50
-0.01	-0.03	1.79	1.77	0.00	0.12	0.50	0.48
-0.01	-0.03	1.80	1.78	0.00	0.11	0.50	0.49
-0.01	-0.02	1.83	1.82	0.00	0.14	0.50	0.46
-0.00	-0.02	1.84	1.83	0.00	0.13	0.50	0.47
-0.00	-0.01	1.85	1.86	0.00	0.19	0.50	0.41
0.00	-0.01	1.88	1.87	0.00	0.16	0.50	0.44
0.01	-0.01	1.89	1.89	0.00	0.11	0.50	0.49
0.01	-0.00	1.92	1.91	0.00	0.13	0.50	0.47
0.02	0.00	1.91	1.93	0.00	0.13	0.50	0.47
0.02	0.01	1.94	1.96	0.00	0.13	0.50	0.47
0.03	0.01	1.93	1.95	0.00	0.16	0.50	0.44
0.03	0.01	1.94	1.95	0.00	0.13	0.50	0.47
0.04	0.02	1.94	1.95	0.00	0.15	0.50	0.45
0.04	0.02	1.87	1.91	0.00	0.17	0.50	0.43
0.05	0.03	1.84	1.87	0.00	0.19	0.50	0.41
0.05	0.04	1.78	1.82	0.00	0.19	0.50	0.41
0.05	0.04	1.75	1.77	0.00	0.16	0.50	0.44
0.06	0.05	1.66	1.70	0.00	0.19	0.50	0.41
0.07	0.05	1.49	1.56	0.00	0.20	0.50	0.40
0.07	0.05	1.27	1.35	0.00	0.24	0.50	0.36
0.07	0.06	1.13	1.14	0.00	0.15	0.50	0.45
0.08	0.06	1.01	1.01	0.00	0.15	0.50	0.45
0.08	0.07	0.73	0.84	0.00	0.27	0.50	0.33
0.08	0.07	0.55	0.63	0.00	0.22	0.50	0.38
0.09	0.07	0.41	0.43	0.00	0.16	0.50	0.44
0.09	0.07	0.15	0.22	0.00	0.23	0.50	0.37
0.09	0.08	-0.02	0.05	0.00	0.22	0.50	0.38
0.09	0.08	-0.17	-0.11	0.00	0.23	0.50	0.37
0.09	0.08	-0.32	-0.27	0.00	0.21	0.50	0.39
0.09	0.08	-0.48	-0.41	0.00	0.23	0.50	0.37
0.09	0.08	-0.57	-0.52	0.00	0.22	0.50	0.38
0.09	0.08	-0.70	-0.62	0.00	0.25	0.50	0.35
0.09	0.08	-0.78	-0.70	0.10	0.25	0.50	0.35
0.09	0.08	-0.84	-0.77	0.23	0.25	0.37	0.35
0.09	0.08	-0.89	-0.82	0.32	0.25	0.28	0.35
0.09	0.08	-0.91	-0.85	0.38	0.26	0.22	0.34
0.09	0.08	-0.96	-0.88	0.44	0.26	0.16	0.34
0.09	0.08	-0.97	-0.91	0.50	0.26	0.08	0.34
0.09	0.08	-0.99	-0.93	0.50	0.26	0.02	0.34
0.09	0.08	-0.99	-0.95	0.50	0.25	0.00	0.35
0.09	0.08	-1.01	-0.97	0.50	0.26	0.00	0.34
0.08	0.08	-1.02	-0.97	0.50	0.27	0.00	0.33
0.08	0.07	-1.03	-0.97	0.50	0.27	0.00	0.33
0.08	0.07	-1.03	-0.99	0.50	0.28	0.00	0.32
0.08	0.07	-1.01	-0.98	0.50	0.25	0.00	0.35
0.08	0.07	-1.01	-0.97	0.50	0.27	0.00	0.33
0.08	0.07	-1.01	-0.98	0.50	0.27	0.00	0.33
0.08	0.07	-0.98	-0.96	0.50	0.27	0.00	0.33
0.07	0.07	-0.98	-0.94	0.50	0.29	0.00	0.31
0.07	0.07	-0.95	-0.93	0.50	0.28	0.00	0.32
0.07	0.07	-0.94	-0.92	0.50	0.27	0.00	0.33
0.07	0.07	-0.92	-0.89	0.50	0.28	0.00	0.32
0.07	0.07	-0.90	-0.88	0.50	0.31	0.00	0.29
0.07	0.07	-0.88	-0.85	0.50	0.30	0.00	0.30
0.07	0.07	-0.86	-0.82	0.50	0.33	0.00	0.27
0.06	0.06	-0.83	-0.82	0.50	0.29	0.00	0.31
0.06	0.06	-0.80	-0.80	0.50	0.30	0.00	0.30
0.06	0.06	-0.77	-0.78	0.50	0.31	0.00	0.29
0.06	0.06	-0.74	-0.75	0.50	0.30	0.05	0.30
0.06	0.06	-0.71	-0.71	0.50	0.32	0.09	0.28
0.06	0.06	-0.69	-0.69	0.49	0.30	0.11	0.30
0.06	0.06	-0.65	-0.66	0.44	0.30	0.16	0.30
0.06	0.06	-0.63	-0.65	0.42	0.31	0.18	0.29
0.06	0.06	-0.58	-0.60	0.33	0.29	0.27	0.31
0.06	0.06	-0.54	-0.57	0.22	0.22	0.38	0.38
0.06	0.06	-0.50	-0.54	0.14	0.17	0.46	0.43
0.07	0.05	-0.48	-0.52	0.05	0.11	0.50	0.49
0.07	0.05	-0.42	-0.48	0.00	0.03	0.50	0.50
0.08	0.05	-0.42	-0.44	0.00	0.05	0.50	0.50
0.08	0.05	-0.35	-0.41	0.00	0.00	0.50	0.50
0.08	0.05	-0.31	-0.36	0.00	0.00	0.50	0.50
0.08	0.05	-0.26	-0.32	0.00	0.00	0.50	0.50
0.08	0.05	-0.23	-0.28	0.00	0.00	0.50	0.50
0.08	0.05	-0.15	-0.26	0.00	0.00	0.50	0.50
0.08	0.05	-0.13	-0.22	0.00	0.00	0.50	0.50
0.08	0.05	-0.08	-0.18	0.00	0.00	0.50	0.50
0.08	0.05	-0.05	-0.15	0.00	0.00	0.50	0.50
0.08	0.05	-0.01	-0.12	0.00	0.00	0.50	0.50
0.08	0.05	0.02	-0.08	0.00	0.00	0.50	0.50
0.08	0.05	0.04	-0.04	0.00	0.00	0.50	0.50
0.08	0.05	0.09	-0.00	0.00	0.00	0.50	0.50
0.08	0.05	0.13	0.02	0.00	0.00	0.50	0.50
0.08	0.05	0.17	0.05	0.00	0.00	0.50	0.50
0.08	0.06	0.19	0.08	0.00	0.00	0.50	0.50
0.08	0.06	0.23	0.11	0.00	0.00	0.50	0.50
0.08	0.06	0.24	0.15	0.00	0.00	0.50	0.50
0.08	0.06	0.30	0.20	0.00	0.00	0.50	0.50
0.08	0.06	0.30	0.19	0.00	0.00	0.50	0.50
0.09	0.06	0.38	0.25	0.00	0.00	0.50	0.50
0.09	0.06	0.33	0.23	0.00	0.00	0.50	0.50
0.09	0.06	0.45	0.32	0.00	0.00	0.50	0.50
0.09	0.06	0.36	0.29	0.00	0.00	0.50	0.50
0.09	0.06	0.51	0.35	0.00	0.00	0.50	0.50
0.10	0.06	0.42	0.35	0.00	0.00	0.50	0.50
0.10	0.06	0.56	0.36	0.00	0.00	0.50	0.50
0.10	0.06	0.51	0.41	0.00	0.00	0.50	0.50
0.10	0.06	0.57	0.39	0.00	0.00	0.50	0.50
0.11	0.06	0.59	0.46	0.00	0.00	0.50	0.50
0.11	0.06	0.59	0.41	0.00	0.00	0.50	0.50
0.10	0.07	0.66	0.48	0.00	0.00	0.50	0.50
0.11	0.07	0.63	0.47	0.00	0.00	0.50	0.50
0.11	0.07	0.70	0.50	0.00	0.00	0.50	0.50
0.11	0.07	0.68	0.51	0.00	0.00	0.50	0.50
0.12	0.07	0.71	0.52	0.00	0.00	0.50	0.50
0.12	0.07	0.72	0.56	0.00	0.00	0.50	0.50
0.12	0.08	0.73	0.54	0.00	0.00	0.50	0.50
0.13	0.08	0.77	0.58	0.00	0.00	0.50	0.50
0.13	0.08	0.74	0.57	0.00	0.00	0.50	0.50
0.13	0.08	0.80	0.61	0.00	0.00	0.50	0.50
0.13	0.08	0.74	0.61	0.00	0.00	0.50	0.50
0.14	0.08	0.81	0.64	0.00	0.00	0.50	0.50
0.14	0.09	0.75	0.65	0.00	0.00	0.50	0.50
0.14	0.09	0.80	0.67	0.00	0.00	0.50	0.50
0.15	0.09	0.76	0.69	0.00	0.00	0.50	0.50
0.15	0.09	0.80	0.69	0.00	0.00	0.50	0.50
0.16	0.10	0.76	0.70	0.00	0.00	0.50	0.50
0.16	0.10	0.77	0.70	0.00	0.00	0.50	0.50
0.16	0.10	0.76	0.69	0.00	0.00	0.50	0.50
0.17	0.10	0.73	0.71	0.00	0.00	0.50	0.50
0.17	0.10	0.72	0.71	0.00	0.00	0.50	0.50
0.17	0.11	0.68	0.71	0.00	0.00	0.50	0.50
0.18	0.11	0.66	0.69	0.00	0.00	0.50	0.50
0.18	0.11	0.60	0.67	0.00	0.00	0.50	0.50
0.18	0.11	0.55	0.64	0.00	0.00	0.50	0.50
0.18	0.11	0.51	0.61	0.00	0.00	0.50	0.50
0.19	0.12	0.46	0.56	0.00	0.00	0.50	0.50
0.19	0.12	0.39	0.51	0.00	0.00	0.50	0.50
0.19	0.12	0.32	0.47	0.00	0.00	0.50	0.50
0.20	0.12	0.27	0.42	0.00	0.00	0.50	0.50
0.20	0.12	0.20	0.37	0.00	0.00	0.50	0.50
0.20	0.13	0.11	0.30	0.00	0.00	0.50	0.50
0.20	0.13	0.05	0.24	0.00	0.00	0.50	0.50
0.20	0.13	-0.02	0.17	0.00	0.00	0.50	0.50
0.21	0.13	-0.06	0.11	0.00	0.00	0.50	0.50
0.21	0.13	-0.14	0.06	0.00	0.00	0.50	0.50
0.21	0.13	-0.21	0.01	0.00	0.00	0.50	0.50
0.21	0.14	-0.27	-0.05	0.00	0.00	0.50	0.50
0.21	0.14	-0.32	-0.11	0.00	0.00	0.50	0.50
0.21	0.14	-0.38	-0.16	0.00	0.00	0.50	0.50
0.21	0.14	-0.41	-0.20	0.00	0.00	0.50	0.50
0.21	0.14	-0.46	-0.23	0.00	0.00	0.50	0.50
0.21	0.14	-0.49	-0.27	0.00	0.00	0.50	0.50
0.21	0.14	-0.51	-0.31	0.00	0.00	0.50	0.50
0.21	0.14	-0.52	-0.33	0.00	0.00	0.50	0.50
0.21	0.14	-0.56	-0.36	0.00	0.00	0.50	0.50
0.21	0.14	-0.57	-0.38	0.00	0.00	0.50	0.50
0.21	0.14	-0.58	-0.40	0.00	0.00	0.50	0.50
0.21	0.14	-0.60	-0.42	0.00	0.00	0.50	0.50
0.21	0.14	-0.61	-0.43	0.00	0.00	0.50	0.50
0.21	0.14	-0.61	-0.44	0.00	0.00	0.50	0.50
0.21	0.14	-0.63	-0.45	0.00	0.00	0.50	0.50
0.21	0.14	-0.63	-0.48	0.00	0.00	0.50	0.50
0.20	0.14	-0.61	-0.49	0.00	0.00	0.50	0.50
0.20	0.14	-0.63	-0.49	0.00	0.00	0.50	0.50
0.20	0.14	-0.62	-0.50	0.00	0.00	0.50	0.50
0.20	0.14	-0.64	-0.50	0.00	0.00	0.50	0.50
0.20	0.14	-0.64	-0.50	0.00	0.00	0.50	0.50
0.20	0.14	-0.65	-0.50	0.00	0.00	0.50	0.50
0.20	0.14	-0.64	-0.52	0.00	0.00	0.50	0.50
0.20	0.14	-0.64	-0.52	0.00	0.00	0.50	0.50
0.20	0.14	-0.64	-0.54	0.00	0.00	0.50	0.50
0.19	0.14	-0.66	-0.55	0.00	0.00	0.50	0.50
0.19	0.14	-0.64	-0.55	0.00	0.00	0.50	0.50
0.19	0.14	-0.66	-0.56	0.00	0.00	0.50	0.50
0.19	0.14	-0.66	-0.57	0.00	0.00	0.50	0.50
0.19	0.14	-0.67	-0.59	0.00	0.00	0.50	0.50
0.19	0.14	-0.66	-0.59	0.00	0.00	0.50	0.50
0.19	0.14	-0.69	-0.59	0.00	0.00	0.50	0.50
0.18	0.14	-0.71	-0.60	0.00	0.00	0.50	0.50
0.18	0.14	-0.69	-0.64	0.00	0.00	0.50	0.50
0.18	0.14	-0.67	-0.67	0.00	0.00	0.50	0.50
0.18	0.14	-0.69	-0.68	0.00	0.00	0.50	0.50
0.18	0.14	-0.69	-0.69	0.00	0.00	0.50	0.50
0.18	0.14	-0.72	-0.70	0.00	0.00	0.50	0.50
0.18	0.14	-0.73	-0.73	0.00	0.00	0.50	0.50
0.17	0.14	-0.73	-0.76	0.00	0.00	0.50	0.50
0.17	0.14	-0.75	-0.76	0.00	0.00	0.50	0.50
0.17	0.13	-0.77	-0.78	0.00	0.00	0.50	0.50
0.17	0.13	-0.78	-0.81	0.00	0.00	0.50	0.50
0.17	0.13	-0.81	-0.84	0.00	0.00	0.50	0.50
0.16	0.13	-0.79	-0.88	0.00	0.00	0.50	0.50
0.16	0.13	-0.84	-0.90	0.00	0.00	0.50	0.50
0.16	0.13	-0.83	-0.93	0.00	0.00	0.50	0.50
0.16	0.13	-0.88	-0.94	0.00	0.00	0.50	0.50
0.16	0.13	-0.86	-0.97	0.00	0.00	0.50	0.50
0.15	0.13	-0.91	-0.98	0.00	0.00	0.50	0.50
0.15	0.13	-0.93	-1.02	0.00	0.00	0.50	0.50
0.15	0.13	-0.95	-1.06	0.00	0.00	0.50	0.50
0.15	0.13	-1.00	-1.10	0.00	0.00	0.50	0.50
0.15	0.12	-1.02	-1.12	0.00	0.00	0.50	0.50
0.15	0.12	-1.03	-1.17	0.00	0.00	0.50	0.50
0.14	0.12	-1.08	-1.20	0.00	0.00	0.50	0.50
0.14	0.12	-1.13	-1.23	0.07	0.00	0.50	0.50
0.14	0.12	-1.15	-1.25	0.11	0.00	0.49	0.50
0.15	0.11	-1.18	-1.30	0.20	0.00	0.40	0.50
0.15	0.11	-1.21	-1.34	0.27	0.00	0.33	0.50
0.15	0.11	-1.28	-1.38	0.40	0.00	0.20	0.50
0.15	0.11	-1.27	-1.41	0.42	0.00	0.18	0.50
0.15	0.10	-1.35	-1.47	0.50	0.00	0.00	0.50
0.14	0.10	-1.36	-1.50	0.50	0.00	0.00	0.50
0.14	0.10	-1.41	-1.53	0.50	0.00	0.00	0.50
0.14	0.10	-1.45	-1.58	0.50	0.00	0.00	0.50
0.13	0.10	-1.50	-1.63	0.50	0.00	0.00	0.50
0.13	0.09	-1.62	-1.67	0.50	0.00	0.00	0.50
0.13	0.09	-1.57	-1.71	0.50	0.00	0.00	0.50
0.13	0.09	-1.63	-1.74	0.50	0.00	0.00	0.50
0.12	0.09	-1.66	-1.80	0.50	0.00	0.00	0.50
0.12	0.08	-1.68	-1.81	0.50	0.00	0.00	0.50
0.12	0.08	-1.73	-1.87	0.50	0.00	0.00	0.50
0.12	0.08	-1.74	-1.87	0.50	0.00	0.00	0.50
0.12	0.07	-1.80	-1.93	0.50	0.00	0.00	0.50
0.11	0.07	-1.80	-1.93	0.50	0.00	0.00	0.50
0.11	0.06	-1.85	-1.97	0.50	0.00	0.00	0.50
0.10	0.06	-1.83	-1.99	0.50	0.00	0.00	0.50
0.10	0.05	-1.88	-2.03	0.50	0.00	0.00	0.50
0.09	0.05	-1.86	-2.02	0.50	0.00	0.00	0.50
0.09	0.05	-1.90	-2.05	0.50	0.00	0.00	0.50
0.08	0.04	-1.89	-2.06	0.50	0.00	0.00	0.50
0.08	0.04	-1.89	-2.09	0.50	0.00	0.00	0.50
0.08	0.03	-1.90	-2.09	0.50	0.00	0.00	0.50
0.07	0.03	-1.90	-2.08	0.50	0.00	0.00	0.50
0.07	0.03	-1.90	-2.09	0.50	0.00	0.00	0.50
0.06	0.02	-1.89	-2.11	0.50	0.00	0.00	0.50
0.06	0.02	-1.87	-2.09	0.50	0.00	0.00	0.50
0.05	0.02	-1.91	-2.09	0.50	0.00	0.00	0.50
0.05	0.02	-1.86	-2.07	0.50	0.00	0.00	0.50
0.04	0.01	-1.90	-2.09	0.50	0.00	0.00	0.50
0.04	0.01	-1.80	-2.04	0.50	0.00	0.00	0.50
0.03	-0.00	-1.85	-2.05	0.50	0.00	0.00	0.50
0.03	-0.01	-1.75	-1.98	0.50	0.00	0.00	0.50
0.03	-0.01	-1.80	-2.01	0.50	0.00	0.00	0.50
0.02	-0.02	-1.65	-1.91	0.50	0.00	0.00	0.50
0.02	-0.02	-1.63	-1.90	0.50	0.00	0.00	0.50
0.02	-0.03	-1.54	-1.79	0.50	0.00	0.00	0.50
0.02	-0.03	-1.54	-1.74	0.50	0.00	0.00	0.50
0.02	-0.04	-1.42	-1.67	0.50	0.00	0.00	0.50
0.02	-0.04	-1.32	-1.53	0.50	0.00	0.00	0.50
0.02	-0.04	-1.18	-1.40	0.50	0.00	0.00	0.50
0.02	-0.05	-1.06	-1.26	0.50	0.00	0.00	0.50
0.01	-0.05	-0.92	-1.15	0.50	0.00	0.00	0.50
0.01	-0.06	-0.78	-0.93	0.50	0.00	0.00	0.50
0.00	-0.06	-0.59	-0.76	0.50	0.00	0.00	0.50
0.00	-0.07	-0.46	-0.62	0.50	0.00	0.00	0.50
-0.00	-0.07	-0.29	-0.46	0.50	0.00	0.00	0.50
-0.00	-0.07	-0.15	-0.29	0.50	0.00	0.00	0.50
-0.01	-0.08	-0.01	-0.11	0.50	0.00	0.00	0.50
-0.01	-0.08	0.12	0.04	0.50	0.00	0.00	0.50
-0.01	-0.09	0.28	0.20	0.50	0.00	0.00	0.50
-0.01	-0.09	0.44	0.36	0.41	0.00	0.19	0.50
-0.01	-0.09	0.52	0.49	0.23	0.00	0.37	0.50
-0.01	-0.09	0.62	0.58	0.07	0.00	0.50	0.50
-0.01	-0.09	0.70	0.69	0.00	0.00	0.50	0.50
-0.01	-0.09	0.79	0.78	0.00	0.00	0.50	0.50
-0.01	-0.09	0.88	0.88	0.00	0.00	0.50	0.50
-0.01	-0.09	0.93	0.95	0.00	0.00	0.50	0.50
-0.01	-0.09	0.98	1.00	0.00	0.00	0.50	0.50
-0.01	-0.09	1.04	1.04	0.00	0.00	0.50	0.50
-0.01	-0.09	1.06	1.08	0.00	0.00	0.50	0.50
-0.01	-0.09	1.11	1.15	0.00	0.00	0.50	0.50
-0.01	-0.09	1.12	1.15	0.00	0.00	0.50	0.50
-0.01	-0.09	1.14	1.18	0.00	0.00	0.50	0.50
-0.01	-0.09	1.14	1.22	0.00	0.00	0.50	0.50
-0.00	-0.09	1.16	1.26	0.00	0.00	0.50	0.50
-0.00	-0.09	1.16	1.26	0.00	0.00	0.50	0.50
-0.00	-0.09	1.21	1.27	0.00	0.00	0.50	0.50
-0.00	-0.09	1.19	1.30	0.00	0.00	0.50	0.50
0.00	-0.09	1.21	1.32	0.00	0.00	0.50	0.50
0.01	-0.09	1.16	1.31	0.00	0.00	0.50	0.50
0.01	-0.09	1.18	1.31	0.00	0.00	0.50	0.50
0.01	-0.08	1.13	1.30	0.00	0.00	0.50	0.50
0.01	-0.08	1.15	1.30	0.00	0.00	0.50	0.50
0.01	-0.08	1.10	1.30	0.00	0.00	0.50	0.50
0.02	-0.08	1.13	1.30	0.00	0.00	0.50	0.50
0.03	-0.08	1.09	1.28	0.00	0.00	0.50	0.50
0.04	-0.07	1.10	1.28	0.00	0.00	0.50	0.50
0.04	-0.07	1.08	1.27	0.00	0.00	0.50	0.50
0.04	-0.07	1.09	1.25	0.00	0.00	0.50	0.50
0.04	-0.07	1.04	1.23	0.00	0.00	0.50	0.50
0.05	-0.06	1.05	1.24	0.00	0.00	0.50	0.50
0.05	-0.06	0.99	1.20	0.00	0.00	0.50	0.50
0.05	-0.06	1.01	1.15	0.00	0.00	0.50	0.50
0.05	-0.06	0.97	1.17	0.00	0.00	0.50	0.50
0.05	-0.06	0.93	1.15	0.00	0.00	0.50	0.50
0.05	-0.06	0.92	1.11	0.00	0.00	0.50	0.50
0.05	-0.05	0.89	1.04	0.00	0.00	0.50	0.50
0.05	-0.05	0.89	1.05	0.00	0.00	0.50	0.50
0.05	-0.05	0.79	1.06	0.00	0.00	0.50	0.50
0.05	-0.05	0.83	0.98	0.00	0.00	0.50	0.50
0.05	-0.05	0.81	0.95	0.00	0.00	0.50	0.50
0.06	-0.05	0.72	0.93	0.00	0.00	0.50	0.50
0.06	-0.04	0.72	0.88	0.00	0.00	0.50	0.50
0.06	-0.04	0.67	0.87	0.00	0.00	0.50	0.50
0.06	-0.04	0.67	0.81	0.00	0.00	0.50	0.50
0.06	-0.04	0.62	0.77	0.00	0.00	0.50	0.50
0.06	-0.03	0.58	0.71	0.00	0.00	0.50	0.50
0.06	-0.03	0.56	0.70	0.00	0.00	0.50	0.50
0.06	-0.03	0.51	0.64	0.00	0.00	0.50	0.50
0.06	-0.03	0.52	0.59	0.00	0.00	0.50	0.50
0.06	-0.03	0.46	0.56	0.00	0.00	0.50	0.50
0.07	-0.03	0.42	0.52	0.00	0.00	0.50	0.50
0.07	-0.03	0.39	0.49	0.00	0.00	0.50	0.50
0.07	-0.03	0.33	0.43	0.00	0.00	0.50	0.50
0.07	-0.03	0.31	0.38	0.00	0.00	0.50	0.50
0.07	-0.03	0.26	0.32	0.00	0.00	0.50	0.50
0.07	-0.02	0.24	0.28	0.00	0.00	0.50	0.50
0.07	-0.03	0.19	0.25	0.00	0.00	0.50	0.50
0.07	-0.02	0.16	0.20	0.00	0.00	0.50	0.50
0.07	-0.02	0.12	0.13	0.00	0.00	0.50	0.50
0.07	-0.02	0.06	0.11	0.00	0.00	0.50	0.50
0.07	-0.02	0.02	0.06	0.00	0.00	0.50	0.50
0.06	-0.02	-0.02	0.01	0.00	0.00	0.50	0.50
0.07	-0.02	-0.07	-0.06	0.02	0.00	0.50	0.50
0.07	-0.02	-0.11	-0.09	0.09	0.00	0.50	0.50
0.06	-0.02	-0.14	-0.18	0.23	0.00	0.37	0.50
0.06	-0.02	-0.18	-0.24	0.32	0.00	0.28	0.50
0.06	-0.02	-0.27	-0.24	0.41	0.00	0.19	0.50
0.06	-0.02	-0.29	-0.32	0.50	0.00	0.07	0.50
0.06	-0.02	-0.31	-0.40	0.50	0.00	0.00	0.50
0.06	-0.03	-0.38	-0.43	0.50	0.00	0.00	0.50
0.06	-0.02	-0.42	-0.47	0.50	0.00	0.00	0.50
0.06	-0.03	-0.47	-0.53	0.50	0.00	0.00	0.50
0.06	-0.03	-0.55	-0.57	0.50	0.00	0.00	0.50
0.06	-0.03	-0.56	-0.63	0.50	0.00	0.00	0.50
0.05	-0.03	-0.56	-0.72	0.50	0.00	0.00	0.50
0.06	-0.03	-0.68	-0.72	0.50	0.00	0.00	0.50
0.05	-0.03	-0.69	-0.79	0.50	0.00	0.00	0.50
0.05	-0.03	-0.71	-0.81	0.50	0.00	0.00	0.50
0.05	-0.04	-0.80	-0.84	0.50	0.00	0.00	0.50
0.05	-0.04	-0.84	-0.90	0.50	0.00	0.00	0.50
0.04	-0.04	-0.80	-0.92	0.50	0.00	0.00	0.50
0.04	-0.04	-0.89	-0.97	0.50	0.00	0.00	0.50
0.04	-0.05	-0.90	-0.98	0.50	0.00	0.00	0.50
0.04	-0.04	-0.90	-1.03	0.50	0.00	0.00	0.50
0.03	-0.05	-0.91	-1.04	0.50	0.00	0.00	0.50
0.03	-0.05	-0.96	-1.08	0.50	0.00	0.00	0.50
0.03	-0.05	-0.94	-1.13	0.50	0.00	0.00	0.50
0.02	-0.06	-0.97	-1.11	0.50	0.00	0.00	0.50
0.02	-0.06	-1.03	-1.10	0.50	0.00	0.00	0.50
0.02	-0.06	-0.99	-1.11	0.50	0.00	0.00	0.50
0.02	-0.06	-1.02	-1.12	0.50	0.00	0.00	0.50
0.01	-0.07	-1.03	-1.12	0.50	0.00	0.00	0.50
0.01	-0.07	-1.03	-1.12	0.50	0.00	0.00	0.50
0.00	-0.07	-1.05	-1.12	0.50	0.00	0.00	0.50
0.00	-0.07	-1.05	-1.11	0.50	0.00	0.00	0.50
0.01	-0.08	-1.06	-1.09	0.50	0.00	0.00	0.50
0.01	-0.08	-1.04	-1.08	0.50	0.00	0.00	0.50
0.02	-0.08	-1.06	-1.07	0.50	0.00	0.00	0.50
0.02	-0.08	-1.02	-1.04	0.50	0.00	0.00	0.50
0.02	-0.08	-1.05	-1.03	0.50	0.00	0.00	0.50
0.02	-0.09	-1.00	-1.00	0.50	0.00	0.00	0.50
0.02	-0.09	-1.03	-0.99	0.50	0.00	0.00	0.50
0.02	-0.09	-0.99	-0.94	0.50	0.00	0.00	0.50
0.01	-0.10	-1.00	-0.94	0.50	0.00	0.00	0.50
0.01	-0.10	-0.96	-0.89	0.50	0.00	0.00	0.50
0.00	-0.10	-0.99	-0.92	0.50	0.00	0.00	0.50
-0.00	-0.10	-0.89	-0.84	0.50	0.00	0.00	0.50
-0.00	-0.11	-0.84	-0.81	0.50	0.00	0.00	0.50
-0.01	-0.11	-0.81	-0.76	0.50	0.00	0.00	0.50
-0.01	-0.11	-0.78	-0.75	0.50	0.00	0.00	0.50
-0.01	-0.11	-0.73	-0.72	0.50	0.00	0.00	0.50
-0.02	-0.12	-0.70	-0.67	0.50	0.00	0.00	0.50
-0.02	-0.12	-0.63	-0.64	0.50	0.00	0.00	0.50
-0.02	-0.12	-0.57	-0.59	0.50	0.00	0.00	0.50
-0.03	-0.12	-0.46	-0.52	0.50	0.00	0.00	0.50
-0.03	-0.13	-0.42	-0.46	0.50	0.00	0.00	0.50
-0.03	-0.13	-0.34	-0.40	0.50	0.00	0.00	0.50
-0.03	-0.13	-0.29	-0.37	0.50	0.00	0.00	0.50
-0.04	-0.13	-0.19	-0.32	0.50	0.00	0.00	0.50
-0.04	-0.14	-0.10	-0.24	0.50	0.00	0.00	0.50
-0.04	-0.14	-0.05	-0.15	0.50	0.00	0.00	0.50
-0.04	-0.14	0.01	-0.09	0.50	0.00	0.00	0.50
-0.05	-0.14	0.08	-0.04	0.50	0.00	0.00	0.50
-0.05	-0.14	0.15	0.00	0.50	0.00	0.00	0.50
-0.05	-0.14	0.22	0.06	0.50	0.00	0.00	0.50
-0.05	-0.14	0.28	0.13	0.50	0.00	0.00	0.50
-0.05	-0.14	0.34	0.19	0.50	0.00	0.00	0.50
-0.05	-0.14	0.39	0.26	0.50	0.00	0.00	0.50
-0.05	-0.15	0.46	0.30	0.50	0.00	0.00	0.50
-0.05	-0.15	0.50	0.35	0.50	0.00	0.00	0.50
-0.05	-0.15	0.56	0.44	0.50	0.00	0.00	0.50
-0.05	-0.15	0.60	0.49	0.50	0.00	0.00	0.50
-0.05	-0.15	0.64	0.52	0.50	0.00	0.00	0.50
-0.05	-0.14	0.71	0.59	0.50	0.00	0.00	0.50
-0.05	-0.14	0.73	0.63	0.50	0.00	0.00	0.50
-0.05	-0.14	0.78	0.66	0.50	0.00	0.00	0.50
-0.06	-0.15	0.82	0.73	0.50	0.00	0.00	0.50
-0.05	-0.15	0.85	0.75	0.50	0.00	0.00	0.50
-0.05	-0.15	0.93	0.80	0.50	0.00	0.07	0.50
-0.05	-0.14	0.96	0.88	0.41	0.00	0.19	0.50
-0.05	-0.14	0.97	0.92	0.33	0.00	0.27	0.50
-0.05	-0.14	1.06	1.00	0.13	0.00	0.47	0.50
-0.05	-0.14	1.09	1.01	0.08	0.00	0.50	0.50
-0.05	-0.14	1.11	1.07	0.00	0.00	0.50	0.50
-0.05	-0.14	1.20	1.14	0.00	0.00	0.50	0.50
-0.05	-0.14	1.20	1.11	0.00	0.00	0.50	0.50
-0.05	-0.14	1.23	1.16	0.00	0.00	0.50	0.50
-0.05	-0.14	1.31	1.21	0.00	0.00	0.50	0.50
-0.04	-0.13	1.29	1.23	0.00	0.00	0.50	0.50
-0.04	-0.13	1.35	1.31	0.00	0.00	0.50	0.50
-0.04	-0.13	1.36	1.35	0.00	0.00	0.50	0.50
-0.04	-0.13	1.35	1.36	0.00	0.00	0.50	0.50
-0.04	-0.12	1.42	1.44	0.00	0.00	0.50	0.50
-0.04	-0.12	1.37	1.40	0.00	0.00	0.50	0.50
-0.04	-0.12	1.43	1.40	0.00	0.00	0.50	0.50
-0.03	-0.12	1.47	1.42	0.00	0.00	0.50	0.50
-0.03	-0.12	1.39	1.47	0.00	0.00	0.50	0.50
-0.03	-0.12	1.47	1.45	0.00	0.00	0.50	0.50
-0.02	-0.11	1.49	1.46	0.00	0.00	0.50	0.50
-0.02	-0.11	1.49	1.50	0.00	0.00	0.50	0.50
-0.02	-0.11	1.46	1.47	0.00	0.00	0.50	0.50
-0.01	-0.11	1.48	1.50	0.00	0.00	0.50	0.50
-0.01	-0.10	1.44	1.46	0.00	0.00	0.50	0.50
-0.01	-0.10	1.47	1.48	0.00	0.00	0.50	0.50
-0.00	-0.10	1.43	1.46	0.00	0.00	0.50	0.50
0.00	-0.09	1.45	1.49	0.00	0.00	0.50	0.50
0.01	-0.09	1.41	1.46	0.00	0.00	0.50	0.50
0.02	-0.09	1.45	1.46	0.00	0.00	0.50	0.50
0.03	-0.08	1.42	1.45	0.00	0.00	0.50	0.50
0.04	-0.08	1.39	1.43	0.00	0.00	0.50	0.50
0.04	-0.08	1.38	1.41	0.00	0.00	0.50	0.50
0.04	-0.07	1.36	1.37	0.00	0.00	0.50	0.50
0.04	-0.07	1.39	1.38	0.00	0.00	0.50	0.50
0.05	-0.07	1.30	1.33	0.00	0.00	0.50	0.50
0.05	-0.06	1.34	1.35	0.00	0.00	0.50	0.50
0.05	-0.06	1.28	1.30	0.00	0.00	0.50	0.50
0.06	-0.05	1.28	1.28	0.00	0.00	0.50	0.50
0.06	-0.05	1.23	1.27	0.00	0.00	0.50	0.50
0.07	-0.04	1.23	1.20	0.00	0.00	0.50	0.50
0.07	-0.04	1.21	1.20	0.00	0.00	0.50	0.50
0.07	-0.04	1.20	1.11	0.00	0.00	0.50	0.50
0.08	-0.03	1.17	1.14	0.00	0.00	0.50	0.50
0.08	-0.03	1.13	1.10	0.00	0.00	0.50	0.50
0.08	-0.03	1.12	1.04	0.00	0.00	0.50	0.50
0.08	-0.02	1.08	1.03	0.00	0.00	0.50	0.50
0.09	-0.02	1.01	0.95	0.00	0.00	0.50	0.50
0.09	-0.02	1.05	0.96	0.00	0.00	0.50	0.50
0.09	-0.02	0.97	0.88	0.00	0.00	0.50	0.50
0.09	-0.01	0.97	0.84	0.00	0.00	0.50	0.50
0.09	-0.01	0.89	0.80	0.00	0.00	0.50	0.50
0.10	-0.01	0.86	0.76	0.00	0.00	0.50	0.50
0.10	-0.01	0.87	0.72	0.00	0.00	0.50	0.50
0.10	-0.01	0.80	0.70	0.00	0.00	0.50	0.50
0.11	-0.00	0.74	0.64	0.00	0.00	0.50	0.50
0.11	-0.00	0.73	0.60	0.00	0.00	0.50	0.50
0.11	-0.00	0.70	0.57	0.00	0.00	0.50	0.50
0.11	0.00	0.69	0.50	0.00	0.00	0.50	0.50
0.11	0.00	0.61	0.44	0.00	0.00	0.50	0.50
0.11	0.01	0.56	0.41	0.00	0.00	0.50	0.50
0.12	0.01	0.54	0.38	0.00	0.00	0.50	0.50
0.12	0.01	0.47	0.32	0.00	0.00	0.50	0.50
0.12	0.01	0.45	0.29	0.00	0.00	0.50	0.50
0.12	0.01	0.39	0.21	0.00	0.00	0.50	0.50
0.12	0.01	0.36	0.17	0.00	0.00	0.50	0.50
0.12	0.02	0.34	0.11	0.00	0.00	0.50	0.50
0.12	0.02	0.27	0.10	0.00	0.00	0.50	0.50
0.13	0.02	0.19	0.04	0.00	0.00	0.50	0.50
0.13	0.02	0.17	-0.02	0.00	0.00	0.50	0.50
0.13	0.02	0.11	-0.04	0.00	0.00	0.50	0.50
0.13	0.02	0.04	-0.12	0.00	0.00	0.50	0.50
0.13	0.02	0.01	-0.14	0.00	0.00	0.50	0.50
0.13	0.02	-0.05	-0.15	0.00	0.00	0.50	0.50
0.13	0.02	-0.13	-0.24	0.00	0.00	0.50	0.50
0.13	0.02	-0.16	-0.30	0.00	0.00	0.50	0.50
0.13	0.02	-0.19	-0.31	0.00	0.00	0.50	0.50
0.13	0.02	-0.29	-0.36	0.00	0.00	0.50	0.50
0.13	0.02	-0.35	-0.43	0.00	0.00	0.50	0.50
0.13	0.02	-0.35	-0.48	0.00	0.00	0.50	0.50
0.13	0.02	-0.43	-0.53	0.00	0.00	0.50	0.50
0.13	0.02	-0.49	-0.57	0.00	0.00	0.50	0.50
0.13	0.02	-0.55	-0.59	0.00	0.00	0.50	0.50
0.13	0.02	-0.62	-0.64	0.06	0.00	0.50	0.50
0.13	0.02	-0.68	-0.71	0.20	0.00	0.40	0.50
0.13	0.02	-0.70	-0.77	0.29	0.00	0.31	0.50
0.13	0.02	-0.75	-0.80	0.37	0.00	0.23	0.50
0.13	0.02	-0.82	-0.87	0.50	0.00	0.06	0.50
0.12	0.02	-0.90	-0.89	0.50	0.00	0.00	0.50
0.13	0.02	-0.93	-0.92	0.50	0.00	0.00	0.50
0.12	0.02	-0.99	-1.00	0.50	0.00	0.00	0.50
0.12	0.02	-1.06	-1.00	0.50	0.00	0.00	0.50
0.12	0.02	-1.10	-1.05	0.50	0.00	0.00	0.50
0.12	0.01	-1.17	-1.08	0.50	0.00	0.00	0.50
0.12	0.01	-1.22	-1.17	0.50	0.00	0.00	0.50
0.12	0.01	-1.24	-1.18	0.50	0.00	0.00	0.50
0.12	0.01	-1.31	-1.23	0.50	0.00	0.00	0.50
0.12	0.01	-1.35	-1.31	0.50	0.00	0.00	0.50
0.11	0.01	-1.38	-1.30	0.50	0.00	0.00	0.50
0.12	0.01	-1.47	-1.35	0.50	0.00	0.00	0.50
0.11	0.00	-1.46	-1.38	0.50	0.00	0.00	0.50
0.11	0.00	-1.51	-1.40	0.50	0.00	0.00	0.50
0.11	0.00	-1.52	-1.43	0.50	0.00	0.00	0.50
0.10	-0.00	-1.55	-1.48	0.50	0.00	0.00	0.50
0.10	-0.00	-1.60	-1.50	0.50	0.00	0.00	0.50
0.10	-0.00	-1.57	-1.50	0.50	0.00	0.00	0.50
0.10	-0.01	-1.63	-1.55	0.50	0.00	0.00	0.50
0.09	-0.00	-1.61	-1.57	0.50	0.00	0.00	0.50
0.09	-0.01	-1.65	-1.56	0.50	0.00	0.00	0.50
0.09	-0.01	-1.65	-1.60	0.50	0.00	0.00	0.50
0.09	-0.01	-1.64	-1.60	0.50	0.00	0.00	0.50
0.09	-0.02	-1.67	-1.62	0.50	0.00	0.00	0.50
0.08	-0.02	-1.64	-1.60	0.50	0.00	0.00	0.50
0.08	-0.02	-1.66	-1.64	0.50	0.00	0.00	0.50
0.08	-0.02	-1.62	-1.62	0.50	0.00	0.00	0.50
0.08	-0.03	-1.67	-1.66	0.50	0.00	0.00	0.50
0.07	-0.03	-1.60	-1.62	0.50	0.00	0.00	0.50
0.07	-0.03	-1.63	-1.64	0.50	0.00	0.00	0.50
0.07	-0.04	-1.59	-1.60	0.50	0.00	0.00	0.50
0.07	-0.04	-1.62	-1.65	0.50	0.00	0.00	0.50
0.07	-0.04	-1.56	-1.58	0.50	0.00	0.00	0.50
0.08	-0.05	-1.57	-1.61	0.50	0.00	0.00	0.50
0.08	-0.05	-1.52	-1.55	0.50	0.00	0.00	0.50
0.08	-0.05	-1.53	-1.55	0.50	0.00	0.00	0.50
0.08	-0.05	-1.47	-1.49	0.50	0.00	0.00	0.50
0.08	-0.06	-1.50	-1.47	0.50	0.00	0.00	0.50
0.07	-0.06	-1.40	-1.43	0.50	0.00	0.00	0.50
0.07	-0.06	-1.39	-1.37	0.50	0.00	0.00	0.50
0.06	-0.07	-1.31	-1.32	0.50	0.00	0.00	0.50
0.06	-0.07	-1.27	-1.24	0.50	0.00	0.00	0.50
0.06	-0.07	-1.15	-1.18	0.50	0.00	0.00	0.50
0.05	-0.07	-1.10	-1.09	0.50	0.00	0.00	0.50
0.05	-0.07	-1.02	-1.01	0.50	0.00	0.00	0.50
0.05	-0.07	-0.96	-0.92	0.50	0.00	0.00	0.50
0.05	-0.08	-0.83	-0.78	0.50	0.00	0.00	0.50
0.04	-0.08	-0.73	-0.67	0.50	0.00	0.00	0.50
0.04	-0.08	-0.62	-0.57	0.50	0.00	0.00	0.50
0.04	-0.08	-0.44	-0.46	0.50	0.00	0.00	0.50
0.04	-0.08	-0.36	-0.34	0.50	0.00	0.00	0.50
0.04	-0.08	-0.25	-0.19	0.50	0.00	0.00	0.50
0.04	-0.08	-0.15	-0.10	0.50	0.00	0.00	0.50
0.03	-0.08	-0.02	-0.02	0.50	0.00	0.00	0.50
0.03	-0.08	0.10	0.11	0.50	0.00	0.04	0.50
0.03	-0.08	0.17	0.22	0.38	0.00	0.22	0.50
0.03	-0.08	0.28	0.30	0.19	0.00	0.41	0.50
0.03	-0.08	0.37	0.39	0.00	0.00	0.50	0.50
0.03	-0.08	0.43	0.47	0.00	0.00	0.50	0.50
0.03	-0.08	0.52	0.52	0.00	0.00	0.50	0.50
0.03	-0.08	0.58	0.57	0.00	0.00	0.50	0.50
0.03	-0.08	0.64	0.63	0.00	0.00	0.50	0.50
0.03	-0.08	0.68	0.67	0.00	0.00	0.50	0.50
0.03	-0.07	0.75	0.71	0.00	0.00	0.50	0.50
0.04	-0.07	0.78	0.76	0.00	0.00	0.50	0.50
0.04	-0.07	0.83	0.80	0.00	0.00	0.50	0.50
0.04	-0.07	0.86	0.81	0.00	0.00	0.50	0.50
0.04	-0.07	0.93	0.83	0.00	0.00	0.50	0.50
0.04	-0.07	0.91	0.88	0.00	0.00	0.50	0.50
0.04	-0.06	0.95	0.90	0.00	0.00	0.50	0.50
0.04	-0.06	0.99	0.91	0.00	0.00	0.50	0.50
0.04	-0.06	0.99	0.95	0.00	0.00	0.50	0.50
0.05	-0.06	0.99	0.96	0.00	0.00	0.50	0.50
0.05	-0.06	1.01	0.96	0.00	0.00	0.50	0.50
0.05	-0.06	1.00	0.96	0.00	0.00	0.50	0.50
0.05	-0.05	1.03	0.98	0.00	0.00	0.50	0.50
0.05	-0.05	0.99	0.97	0.00	0.00	0.50	0.50
0.06	-0.05	1.04	0.98	0.00	0.00	0.50	0.50
0.06	-0.05	1.00	0.96	0.00	0.00	0.50	0.50
0.06	-0.04	1.02	0.97	0.00	0.00	0.50	0.50
0.06	-0.04	1.01	0.94	0.00	0.00	0.50	0.50
0.07	-0.04	1.02	0.95	0.00	0.00	0.50	0.50
0.08	-0.04	0.97	0.94	0.00	0.00	0.50	0.50
0.08	-0.04	0.99	0.94	0.00	0.00	0.50	0.50
0.09	-0.03	0.95	0.92	0.00	0.00	0.50	0.50
0.10	-0.03	0.96	0.90	0.00	0.00	0.50	0.50
0.10	-0.03	0.95	0.89	0.00	0.00	0.50	0.50
0.10	-0.03	0.92	0.86	0.00	0.00	0.50	0.50
0.10	-0.02	0.92	0.87	0.00	0.00	0.50	0.50
0.10	-0.02	0.87	0.80	0.00	0.00	0.50	0.50
0.10	-0.02	0.88	0.83	0.00	0.00	0.50	0.50
0.11	-0.02	0.82	0.78	0.00	0.00	0.50	0.50
0.11	-0.01	0.85	0.75	0.00	0.00	0.50	0.50
0.11	-0.01	0.83	0.72	0.00	0.00	0.50	0.50
0.11	-0.01	0.80	0.68	0.00	0.00	0.50	0.50
0.11	-0.01	0.76	0.67	0.00	0.00	0.50	0.50
0.11	-0.01	0.70	0.64	0.00	0.00	0.50	0.50
0.11	-0.01	0.72	0.64	0.00	0.00	0.50	0.50
0.11	-0.01	0.64	0.58	0.00	0.00	0.50	0.50
0.11	-0.00	0.65	0.56	0.00	0.00	0.50	0.50
0.12	-0.00	0.61	0.54	0.00	0.00	0.50	0.50
0.12	-0.00	0.56	0.52	0.00	0.00	0.50	0.50
0.12	-0.00	0.52	0.48	0.00	0.00	0.50	0.50
0.12	-0.00	0.50	0.45	0.00	0.00	0.50	0.50
0.12	0.00	0.47	0.42	0.00	0.00	0.50	0.50
0.12	0.00	0.41	0.38	0.00	0.00	0.50	0.50
0.12	0.00	0.38	0.33	0.00	0.00	0.50	0.50
0.12	0.00	0.33	0.30	0.00	0.00	0.50	0.50
0.12	0.00	0.27	0.28	0.00	0.00	0.50	0.50
0.12	0.01	0.25	0.23	0.00	0.00	0.50	0.50
0.12	0.00	0.21	0.20	0.00	0.00	0.50	0.50
0.12	0.00	0.16	0.17	0.00	0.00	0.50	0.50
0.12	0.01	0.12	0.13	0.00	0.00	0.50	0.50
0.12	0.01	0.07	0.08	0.00	0.00	0.50	0.50
0.12	0.01	-0.00	0.06	0.00	0.00	0.50	0.50
0.12	0.01	-0.03	0.03	0.00	0.00	0.50	0.50
0.12	0.01	-0.06	-0.01	0.00	0.00	0.50	0.50
0.12	0.01	-0.15	-0.04	0.00	0.00	0.50	0.50
0.12	0.01	-0.20	-0.09	0.00	0.00	0.50	0.50
0.12	0.01	-0.20	-0.14	0.00	0.00	0.50	0.50
0.12	0.01	-0.29	-0.16	0.00	0.00	0.50	0.50
0.12	0.01	-0.36	-0.21	0.00	0.00	0.50	0.50
0.11	0.01	-0.36	-0.26	0.00	0.00	0.50	0.50
0.12	0.00	-0.44	-0.29	0.00	0.00	0.50	0.50
0.11	0.00	-0.50	-0.36	0.01	0.00	0.50	0.50
0.11	0.00	-0.52	-0.37	0.05	0.00	0.50	0.50
0.11	0.00	-0.57	-0.43	0.20	0.00	0.40	0.50
0.11	0.00	-0.64	-0.48	0.34	0.00	0.26	0.50
0.11	0.00	-0.68	-0.51	0.44	0.00	0.16	0.50
0.11	-0.00	-0.72	-0.58	0.50	0.00	0.03	0.50
0.10	-0.00	-0.79	-0.61	0.50	0.00	0.00	0.50
0.10	-0.00	-0.82	-0.68	0.50	0.00	0.00	0.50
0.10	-0.00	-0.83	-0.73	0.50	0.00	0.00	0.50
0.10	-0.01	-0.92	-0.76	0.50	0.00	0.00	0.50
0.09	-0.01	-0.93	-0.82	0.50	0.00	0.00	0.50
0.09	-0.01	-0.93	-0.86	0.50	0.00	0.00	0.50
0.09	-0.01	-1.03	-0.88	0.50	0.00	0.00	0.50
0.09	-0.01	-1.06	-0.92	0.50	0.00	0.00	0.50
0.08	-0.02	-1.07	-0.96	0.50	0.00	0.00	0.50
0.08	-0.02	-1.16	-1.02	0.50	0.00	0.00	0.50
0.08	-0.02	-1.15	-1.07	0.50	0.00	0.00	0.50
0.07	-0.03	-1.19	-1.11	0.50	0.00	0.00	0.50
0.07	-0.03	-1.20	-1.11	0.50	0.00	0.00	0.50
0.07	-0.03	-1.26	-1.14	0.50	0.00	0.00	0.50
0.06	-0.03	-1.27	-1.20	0.50	0.00	0.00	0.50
0.06	-0.04	-1.27	-1.21	0.50	0.00	0.00	0.50
0.06	-0.04	-1.33	-1.21	0.50	0.00	0.00	0.50
0.05	-0.04	-1.31	-1.24	0.50	0.00	0.00	0.50
0.05	-0.05	-1.33	-1.25	0.50	0.00	0.00	0.50
0.04	-0.05	-1.37	-1.27	0.50	0.00	0.00	0.50
0.04	-0.06	-1.34	-1.26	0.50	0.00	0.00	0.50
0.03	-0.06	-1.35	-1.33	0.50	0.00	0.00	0.50
0.03	-0.06	-1.32	-1.29	0.50	0.00	0.00	0.50
0.03	-0.06	-1.35	-1.32	0.50	0.00	0.00	0.50
0.02	-0.06	-1.32	-1.28	0.50	0.00	0.00	0.50
0.02	-0.07	-1.36	-1.34	0.50	0.00	0.00	0.50
0.01	-0.07	-1.30	-1.31	0.50	0.00	0.00	0.50
0.01	-0.07	-1.32	-1.34	0.50	0.00	0.00	0.50
0.00	-0.08	-1.27	-1.30	0.50	0.00	0.00	0.50
0.00	-0.08	-1.29	-1.32	0.50	0.00	0.00	0.50
0.00	-0.09	-1.19	-1.27	0.50	0.00	0.00	0.50
0.01	-0.09	-1.22	-1.27	0.50	0.00	0.00	0.50
0.01	-0.09	-1.13	-1.21	0.50	0.00	0.00	0.50
0.01	-0.09	-1.11	-1.24	0.50	0.00	0.00	0.50
0.00	-0.10	-1.01	-1.17	0.50	0.00	0.00	0.50
0.01	-0.10	-0.99	-1.13	0.50	0.00	0.00	0.50
0.00	-0.11	-0.88	-1.05	0.50	0.00	0.00	0.50
-0.00	-0.11	-0.82	-1.00	0.50	0.00	0.00	0.50
-0.01	-0.11	-0.69	-0.92	0.50	0.00	0.00	0.50
-0.01	-0.12	-0.63	-0.84	0.50	0.00	0.00	0.50
-0.02	-0.12	-0.50	-0.76	0.50	0.00	0.00	0.50
-0.02	-0.13	-0.39	-0.65	0.50	0.00	0.00	0.50
-0.03	-0.13	-0.26	-0.54	0.50	0.00	0.00	0.50
-0.03	-0.13	-0.22	-0.37	0.50	0.00	0.00	0.50
-0.03	-0.13	-0.16	-0.22	0.50	0.00	0.00	0.50
-0.03	-0.14	-0.07	-0.11	0.50	0.00	0.00	0.50
-0.03	-0.14	0.08	-0.04	0.50	0.00	0.00	0.50
-0.03	-0.14	0.27	-0.00	0.50	0.00	0.00	0.50
-0.04	-0.15	0.37	0.03	0.50	0.00	0.00	0.50
-0.04	-0.15	0.50	0.12	0.50	0.00	0.00	0.50
-0.04	-0.15	0.62	0.20	0.50	0.00	0.00	0.50
-0.04	-0.15	0.67	0.29	0.50	0.00	0.00	0.50
-0.05	-0.15	0.71	0.39	0.50	0.00	0.00	0.50
-0.05	-0.15	0.81	0.46	0.50	0.00	0.00	0.50
-0.05	-0.16	0.86	0.52	0.50	0.00	0.00	0.50
-0.05	-0.16	0.90	0.60	0.50	0.00	0.00	0.50
-0.05	-0.16	0.97	0.63	0.50	0.00	0.00	0.50
-0.04	-0.16	1.01	0.66	0.50	0.00	0.00	0.50
-0.05	-0.16	1.06	0.74	0.50	0.00	0.07	0.50
-0.04	-0.16	1.08	0.82	0.43	0.00	0.17	0.50
-0.04	-0.16	1.13	0.90	0.30	0.00	0.30	0.50
-0.04	-0.16	1.14	0.90	0.28	0.00	0.32	0.50
-0.04	-0.16	1.17	0.96	0.14	0.00	0.46	0.50
-0.04	-0.16	1.23	1.00	0.06	0.00	0.50	0.50
-0.04	-0.16	1.27	1.06	0.00	0.00	0.50	0.50
-0.04	-0.16	1.32	1.12	0.00	0.00	0.50	0.50
-0.04	-0.16	1.34	1.16	0.00	0.00	0.50	0.50
-0.04	-0.16	1.35	1.21	0.00	0.00	0.50	0.50
-0.04	-0.15	1.42	1.30	0.00	0.00	0.50	0.50
-0.03	-0.15	1.40	1.32	0.00	0.00	0.50	0.50
-0.03	-0.15	1.43	1.35	0.00	0.00	0.50	0.50
-0.03	-0.15	1.46	1.37	0.00	0.00	0.50	0.50
-0.03	-0.15	1.48	1.42	0.00	0.00	0.50	0.50
-0.03	-0.15	1.53	1.48	0.00	0.00	0.50	0.50
-0.02	-0.15	1.50	1.51	0.00	0.00	0.50	0.50
-0.02	-0.15	1.49	1.56	0.00	0.00	0.50	0.50
-0.02	-0.15	1.54	1.56	0.00	0.00	0.50	0.50
-0.02	-0.14	1.58	1.56	0.00	0.00	0.50	0.50
-0.02	-0.15	1.54	1.63	0.00	0.00	0.50	0.50
-0.01	-0.14	1.57	1.61	0.00	0.00	0.50	0.50
-0.01	-0.14	1.52	1.62	0.00	0.00	0.50	0.50
-0.01	-0.14	1.55	1.65	0.00	0.00	0.50	0.50
-0.01	-0.14	1.49	1.66	0.00	0.00	0.50	0.50
-0.00	-0.14	1.60	1.68	0.00	0.00	0.50	0.50
-0.00	-0.13	1.54	1.65	0.00	0.00	0.50	0.50
0.00	-0.13	1.58	1.69	0.00	0.00	0.50	0.50
0.00	-0.13	1.53	1.65	0.00	0.00	0.50	0.50
0.01	-0.13	1.57	1.70	0.00	0.00	0.50	0.50
0.01	-0.12	1.49	1.65	0.00	0.00	0.50	0.50
0.02	-0.12	1.53	1.70	0.00	0.00	0.50	0.50
0.03	-0.11	1.49	1.60	0.00	0.00	0.50	0.50
0.04	-0.11	1.53	1.65	0.00	0.00	0.50	0.50
0.05	-0.11	1.46	1.58	0.00	0.00	0.50	0.50
0.05	-0.10	1.49	1.60	0.00	0.00	0.50	0.50
0.05	-0.10	1.42	1.53	0.00	0.00	0.50	0.50
0.05	-0.10	1.46	1.53	0.00	0.00	0.50	0.50
0.05	-0.10	1.41	1.50	0.00	0.00	0.50	0.50
0.06	-0.09	1.41	1.48	0.00	0.00	0.50	0.50
0.06	-0.09	1.39	1.46	0.00	0.00	0.50	0.50
0.06	-0.09	1.32	1.43	0.00	0.00	0.50	0.50
0.06	-0.08	1.35	1.40	0.00	0.00	0.50	0.50
0.07	-0.08	1.29	1.32	0.00	0.00	0.50	0.50
0.07	-0.07	1.33	1.36	0.00	0.00	0.50	0.50
0.08	-0.07	1.20	1.30	0.00	0.00	0.50	0.50
0.08	-0.07	1.25	1.25	0.00	0.00	0.50	0.50
0.08	-0.07	1.22	1.22	0.00	0.00	0.50	0.50
0.08	-0.06	1.16	1.20	0.00	0.00	0.50	0.50
0.09	-0.06	1.18	1.14	0.00	0.00	0.50	0.50
0.09	-0.06	1.11	1.11	0.00	0.00	0.50	0.50
0.09	-0.06	1.11	1.06	0.00	0.00	0.50	0.50
0.09	-0.05	1.07	1.02	0.00	0.00	0.50	0.50
0.09	-0.05	1.03	0.96	0.00	0.00	0.50	0.50
0.10	-0.05	1.01	0.96	0.00	0.00	0.50	0.50
0.10	-0.05	0.93	0.90	0.00	0.00	0.50	0.50
0.10	-0.04	0.94	0.85	0.00	0.00	0.50	0.50
0.11	-0.04	0.88	0.82	0.00	0.00	0.50	0.50
0.11	-0.04	0.82	0.77	0.00	0.00	0.50	0.50
0.11	-0.04	0.82	0.72	0.00	0.00	0.50	0.50
0.11	-0.04	0.77	0.70	0.00	0.00	0.50	0.50
0.11	-0.03	0.71	0.62	0.00	0.00	0.50	0.50
0.11	-0.03	0.67	0.56	0.00	0.00	0.50	0.50
0.11	-0.03	0.64	0.52	0.00	0.00	0.50	0.50
0.12	-0.03	0.59	0.47	0.00	0.00	0.50	0.50
0.12	-0.03	0.55	0.42	0.00	0.00	0.50	0.50
0.12	-0.03	0.49	0.36	0.00	0.00	0.50	0.50
0.12	-0.03	0.45	0.34	0.00	0.00	0.50	0.50
0.12	-0.02	0.39	0.30	0.00	0.00	0.50	0.50
0.12	-0.02	0.34	0.21	0.00	0.00	0.50	0.50
0.12	-0.02	0.27	0.18	0.00	0.00	0.50	0.50
0.12	-0.02	0.21	0.10	0.00	0.00	0.50	0.50
0.12	-0.02	0.18	0.07	0.00	0.00	0.50	0.50
0.13	-0.02	0.11	0.02	0.00	0.00	0.50	0.50
0.13	-0.02	0.06	-0.02	0.00	0.00	0.50	0.50
0.13	-0.02	0.03	-0.09	0.00	0.00	0.50	0.50
0.13	-0.02	-0.01	-0.13	0.00	0.00	0.50	0.50
0.13	-0.02	-0.12	-0.15	0.00	0.00	0.50	0.50
0.13	-0.01	-0.16	-0.21	0.00	0.00	0.50	0.50
0.13	-0.01	-0.22	-0.20	0.00	0.00	0.50	0.50
0.13	-0.02	-0.35	-0.20	0.00	0.00	0.50	0.50
0.13	-0.01	-0.37	-0.33	0.00	0.00	0.50	0.50
0.13	-0.01	-0.32	-0.41	0.00	0.00	0.50	0.50
0.13	-0.01	-0.38	-0.47	0.01	0.00	0.50	0.50
0.13	-0.01	-0.42	-0.54	0.11	0.00	0.49	0.50
0.13	-0.01	-0.50	-0.56	0.21	0.00	0.39	0.50
0.13	-0.01	-0.56	-0.63	0.36	0.00	0.24	0.50
0.13	-0.01	-0.62	-0.70	0.50	0.00	0.10	0.50
0.13	-0.01	-0.67	-0.70	0.50	0.00	0.05	0.50
0.13	-0.01	-0.75	-0.75	0.50	0.00	0.00	0.50
0.12	-0.01	-0.84	-0.81	0.50	0.00	0.00	0.50
0.12	-0.01	-0.88	-0.85	0.50	0.00	0.00	0.50
0.12	-0.02	-0.88	-0.89	0.50	0.00	0.00	0.50
0.12	-0.01	-0.97	-0.96	0.50	0.00	0.00	0.50
0.12	-0.01	-1.00	-0.97	0.50	0.00	0.00	0.50
0.12	-0.02	-1.05	-0.99	0.50	0.00	0.00	0.50
0.12	-0.02	-1.08	-1.04	0.50	0.00	0.00	0.50
0.12	-0.02	-1.14	-1.10	0.50	0.00	0.00	0.50
0.11	-0.02	-1.12	-1.09	0.50	0.00	0.00	0.50
0.12	-0.02	-1.19	-1.12	0.50	0.00	0.00	0.50
0.11	-0.02	-1.21	-1.17	0.50	0.00	0.00	0.50
0.11	-0.02	-1.22	-1.16	0.50	0.00	0.00	0.50
0.11	-0.02	-1.28	-1.19	0.50	0.00	0.00	0.50
0.11	-0.02	-1.26	-1.22	0.50	0.00	0.00	0.50
0.11	-0.03	-1.30	-1.22	0.50	0.00	0.00	0.50
0.10	-0.03	-1.29	-1.22	0.50	0.00	0.00	0.50
0.10	-0.03	-1.32	-1.23	0.50	0.00	0.00	0.50
0.10	-0.03	-1.32	-1.25	0.50	0.00	0.00	0.50
0.09	-0.03	-1.33	-1.22	0.50	0.00	0.00	0.50
0.09	-0.03	-1.36	-1.24	0.50	0.00	0.00	0.50
0.09	-0.03	-1.35	-1.23	0.50	0.00	0.00	0.50
0.09	-0.04	-1.37	-1.24	0.50	0.00	0.00	0.50
0.09	-0.04	-1.35	-1.24	0.50	0.00	0.00	0.50
0.09	-0.04	-1.35	-1.25	0.50	0.00	0.00	0.50
0.09	-0.04	-1.35	-1.22	0.50	0.00	0.00	0.50
0.10	-0.04	-1.36	-1.21	0.50	0.00	0.00	0.50
0.09	-0.04	-1.35	-1.20	0.50	0.00	0.00	0.50
0.09	-0.04	-1.32	-1.21	0.50	0.00	0.00	0.50
0.09	-0.04	-1.33	-1.19	0.50	0.00	0.00	0.50
0.09	-0.05	-1.33	-1.20	0.50	0.00	0.00	0.50
0.09	-0.05	-1.30	-1.14	0.50	0.00	0.00	0.50
0.09	-0.05	-1.26	-1.14	0.50	0.00	0.00	0.50
0.08	-0.05	-1.22	-1.09	0.50	0.00	0.00	0.50
0.08	-0.05	-1.23	-1.10	0.50	0.00	0.00	0.50
0.08	-0.05	-1.18	-1.07	0.50	0.00	0.00	0.50
0.08	-0.05	-1.18	-1.08	0.50	0.00	0.00	0.50
0.08	-0.05	-1.15	-1.06	0.50	0.00	0.00	0.50
0.07	-0.05	-1.13	-1.01	0.50	0.00	0.00	0.50
0.07	-0.05	-1.08	-1.00	0.50	0.00	0.00	0.50
0.07	-0.06	-1.06	-0.98	0.50	0.00	0.00	0.50
0.07	-0.06	-0.99	-0.95	0.50	0.00	0.00	0.50
0.06	-0.06	-0.99	-0.91	0.50	0.00	0.00	0.50
0.06	-0.06	-0.95	-0.86	0.50	0.00	0.00	0.50
0.06	-0.06	-0.93	-0.85	0.50	0.00	0.00	0.50
0.05	-0.06	-0.86	-0.81	0.50	0.00	0.00	0.50
0.05	-0.06	-0.77	-0.76	0.50	0.00	0.00	0.50
0.05	-0.06	-0.77	-0.70	0.50	0.00	0.00	0.50
0.05	-0.06	-0.72	-0.64	0.50	0.00	0.00	0.50
0.04	-0.06	-0.69	-0.63	0.50	0.00	0.00	0.50
0.04	-0.06	-0.60	-0.58	0.50	0.00	0.00	0.50
0.04	-0.06	-0.52	-0.49	0.50	0.00	0.00	0.50
0.04	-0.06	-0.48	-0.45	0.50	0.00	0.00	0.50
0.03	-0.07	-0.38	-0.36	0.50	0.00	0.00	0.50
0.03	-0.07	-0.33	-0.27	0.50	0.00	0.00	0.50
0.03	-0.07	-0.27	-0.22	0.50	0.00	0.00	0.50
0.03	-0.07	-0.16	-0.16	0.50	0.00	0.00	0.50
0.03	-0.07	-0.11	-0.09	0.50	0.00	0.00	0.50
0.03	-0.06	-0.03	-0.00	0.50	0.00	0.00	0.50
0.03	-0.06	0.07	0.06	0.50	0.00	0.10	0.50
0.03	-0.06	0.14	0.13	0.37	0.00	0.23	0.50
0.03	-0.06	0.21	0.22	0.19	0.00	0.41	0.50
0.03	-0.06	0.29	0.28	0.06	0.00	0.50	0.50
0.03	-0.06	0.37	0.34	0.00	0.00	0.50	0.50
0.03	-0.06	0.41	0.41	0.00	0.00	0.50	0.50
0.03	-0.06	0.50	0.47	0.00	0.00	0.50	0.50
0.03	-0.06	0.57	0.51	0.00	0.00	0.50	0.50
0.03	-0.06	0.62	0.58	0.00	0.00	0.50	0.50
0.03	-0.05	0.67	0.65	0.00	0.00	0.50	0.50
0.03	-0.05	0.73	0.64	0.00	0.00	0.50	0.50
0.03	-0.05	0.80	0.69	0.00	0.00	0.50	0.50
0.03	-0.05	0.87	0.77	0.00	0.00	0.50	0.50
0.03	-0.05	0.91	0.75	0.00	0.00	0.50	0.50
0.04	-0.05	0.98	0.83	0.00	0.00	0.50	0.50
0.04	-0.04	1.01	0.89	0.00	0.00	0.50	0.50
0.05	-0.04	1.05	0.90	0.00	0.00	0.50	0.50
0.05	-0.04	1.10	0.96	0.00	0.00	0.50	0.50
0.05	-0.04	1.12	0.97	0.00	0.00	0.50	0.50
0.05	-0.03	1.13	0.95	0.00	0.00	0.50	0.50
0.06	-0.03	1.19	0.99	0.00	0.00	0.50	0.50
0.06	-0.03	1.17	1.02	0.00	0.00	0.50	0.50
0.06	-0.02	1.22	1.05	0.00	0.00	0.50	0.50
0.06	-0.02	1.23	1.02	0.00	0.00	0.50	0.50
0.07	-0.02	1.24	1.04	0.00	0.00	0.50	0.50
0.07	-0.02	1.24	1.06	0.00	0.00	0.50	0.50
0.07	-0.01	1.19	1.11	0.00	0.00	0.50	0.50
0.08	-0.02	1.20	1.15	0.00	0.00	0.50	0.50
0.08	-0.01	1.21	1.12	0.00	0.00	0.50	0.50
0.08	-0.01	1.24	1.12	0.00	0.00	0.50	0.50
0.08	-0.01	1.27	1.10	0.00	0.00	0.50	0.50
0.09	-0.01	1.28	1.11	0.00	0.00	0.50	0.50
0.09	-0.00	1.24	1.07	0.00	0.00	0.50	0.50
0.10	0.00	1.28	1.05	0.00	0.00	0.50	0.50
0.11	0.00	1.24	1.05	0.00	0.00	0.50	0.50
0.11	0.01	1.20	1.08	0.00	0.00	0.50	0.50
0.12	0.01	1.17	1.04	0.00	0.00	0.50	0.50
0.13	0.01	1.19	1.04	0.00	0.00	0.50	0.50
0.13	0.01	1.14	1.03	0.00	0.00	0.50	0.50
0.14	0.02	1.14	1.01	0.00	0.00	0.50	0.50
0.14	0.02	1.11	0.99	0.00	0.00	0.50	0.50
0.14	0.03	1.06	1.00	0.00	0.00	0.50	0.50
0.14	0.03	1.07	0.98	0.00	0.00	0.50	0.50
0.15	0.03	1.02	0.97	0.00	0.00	0.50	0.50
0.15	0.04	1.05	0.94	0.00	0.00	0.50	0.50
0.16	0.04	0.98	0.91	0.00	0.00	0.50	0.50
0.16	0.04	0.99	0.92	0.00	0.00	0.50	0.50
0.17	0.04	0.93	0.87	0.00	0.00	0.50	0.50
0.17	0.05	0.92	0.85	0.00	0.00	0.50	0.50
0.17	0.05	0.88	0.82	0.00	0.00	0.50	0.50
0.17	0.05	0.85	0.78	0.00	0.00	0.50	0.50
0.17	0.05	0.83	0.78	0.00	0.00	0.50	0.50
0.18	0.05	0.78	0.74	0.00	0.00	0.50	0.50
0.18	0.06	0.77	0.68	0.00	0.00	0.50	0.50
0.18	0.06	0.72	0.66	0.00	0.00	0.50	0.50
0.18	0.06	0.69	0.62	0.00	0.00	0.50	0.50
0.18	0.06	0.65	0.62	0.00	0.00	0.50	0.50
0.19	0.07	0.59	0.57	0.00	0.00	0.50	0.50
0.19	0.07	0.58	0.54	0.00	0.00	0.50	0.50
0.19	0.07	0.52	0.50	0.00	0.00	0.50	0.50
0.19	0.07	0.51	0.44	0.00	0.00	0.50	0.50
0.19	0.07	0.46	0.42	0.00	0.00	0.50	0.50
0.19	0.07	0.44	0.41	0.00	0.00	0.50	0.50
0.20	0.08	0.35	0.35	0.00	0.00	0.50	0.50
0.20	0.08	0.32	0.32	0.00	0.00	0.50	0.50
0.20	0.08	0.27	0.29	0.00	0.00	0.50	0.50
0.20	0.08	0.24	0.24	0.00	0.00	0.50	0.50
0.20	0.08	0.20	0.17	0.00	0.00	0.50	0.50
0.20	0.08	0.15	0.15	0.00	0.00	0.50	0.50
0.20	0.08	0.08	0.12	0.00	0.00	0.50	0.50
0.20	0.09	0.02	0.05	0.00	0.00	0.50	0.50
0.20	0.09	0.01	0.03	0.00	0.00	0.50	0.50
0.20	0.09	-0.07	-0.02	0.00	0.00	0.50	0.50
0.20	0.09	-0.11	-0.07	0.00	0.00	0.50	0.50
0.20	0.09	-0.14	-0.12	0.00	0.00	0.50	0.50
0.20	0.09	-0.21	-0.13	0.00	0.00	0.50	0.50
0.20	0.09	-0.24	-0.21	0.00	0.00	0.50	0.50
0.20	0.09	-0.28	-0.24	0.00	0.00	0.50	0.50
0.20	0.09	-0.34	-0.29	0.00	0.00	0.50	0.50
0.20	0.09	-0.42	-0.33	0.00	0.00	0.50	0.50
0.20	0.09	-0.44	-0.42	0.00	0.00	0.50	0.50
0.20	0.09	-0.46	-0.43	0.00	0.00	0.50	0.50
0.20	0.09	-0.58	-0.47	0.00	0.00	0.50	0.50
0.20	0.09	-0.60	-0.56	0.00	0.00	0.50	0.50
0.19	0.09	-0.61	-0.57	0.00	0.00	0.50	0.50
0.19	0.09	-0.72	-0.63	0.00	0.00	0.50	0.50
0.19	0.09	-0.76	-0.70	0.00	0.00	0.50	0.50
0.19	0.09	-0.75	-0.76	0.00	0.00	0.50	0.50
0.19	0.09	-0.84	-0.81	0.00	0.00	0.50	0.50
0.19	0.09	-0.90	-0.86	0.00	0.00	0.50	0.50
0.18	0.09	-0.94	-0.91	0.00	0.00	0.50	0.50
0.18	0.08	-0.97	-0.96	0.00	0.00	0.50	0.50
0.18	0.08	-1.03	-1.04	0.00	0.00	0.50	0.50
0.18	0.08	-1.09	-1.05	0.00	0.00	0.50	0.50
0.18	0.08	-1.12	-1.09	0.00	0.00	0.50	0.50
0.17	0.08	-1.22	-1.16	0.17	0.00	0.43	0.50
0.17	0.08	-1.26	-1.22	0.30	0.00	0.30	0.50
0.17	0.08	-1.27	-1.29	0.42	0.00	0.18	0.50
0.17	0.07	-1.34	-1.32	0.50	0.00	0.03	0.50
0.16	0.07	-1.39	-1.40	0.50	0.00	0.00	0.50
0.16	0.07	-1.40	-1.44	0.50	0.00	0.00	0.50
0.16	0.07	-1.47	-1.45	0.50	0.00	0.00	0.50
0.15	0.07	-1.57	-1.58	0.50	0.00	0.00	0.50
0.15	0.06	-1.57	-1.61	0.50	0.00	0.00	0.50
0.15	0.06	-1.58	-1.65	0.50	0.00	0.00	0.50
0.14	0.06	-1.68	-1.77	0.50	0.00	0.00	0.50
0.14	0.06	-1.64	-1.74	0.50	0.00	0.00	0.50
0.14	0.05	-1.72	-1.78	0.50	0.00	0.00	0.50
0.13	0.05	-1.74	-1.87	0.50	0.00	0.00	0.50
0.13	0.05	-1.75	-1.85	0.50	0.00	0.00	0.50
0.12	0.04	-1.83	-1.90	0.50	0.00	0.00	0.50
0.12	0.04	-1.83	-1.97	0.50	0.00	0.00	0.50
0.11	0.03	-1.82	-1.93	0.50	0.00	0.00	0.50
0.11	0.02	-1.86	-1.98	0.50	0.00	0.00	0.50
0.11	0.02	-1.88	-1.98	0.50	0.00	0.00	0.50
0.10	0.02	-1.96	-2.04	0.50	0.00	0.00	0.50
0.10	0.01	-1.86	-2.02	0.50	0.00	0.00	0.50
0.09	0.01	-1.94	-2.06	0.50	0.00	0.00	0.50
0.09	0.00	-1.91	-2.06	0.50	0.00	0.00	0.50
0.08	0.00	-1.90	-2.07	0.50	0.00	0.00	0.50
0.07	-0.01	-1.95	-2.07	0.50	0.00	0.00	0.50
0.07	-0.01	-1.91	-2.06	0.50	0.00	0.00	0.50
0.07	-0.02	-1.98	-2.09	0.50	0.00	0.00	0.50
0.06	-0.02	-1.90	-2.07	0.50	0.00	0.00	0.50
0.06	-0.03	-1.94	-2.05	0.50	0.00	0.00	0.50
0.05	-0.03	-1.85	-2.05	0.50	0.00	0.00	0.50
0.05	-0.04	-1.92	-2.06	0.50	0.00	0.00	0.50
0.05	-0.04	-1.80	-1.99	0.50	0.00	0.00	0.50
0.05	-0.05	-1.85	-1.97	0.50	0.00	0.00	0.50
0.05	-0.05	-1.74	-1.94	0.50	0.00	0.00	0.50
0.04	-0.06	-1.77	-1.90	0.50	0.00	0.00	0.50
0.04	-0.06	-1.61	-1.82	0.50	0.00	0.00	0.50
0.03	-0.07	-1.63	-1.74	0.50	0.00	0.00	0.50
0.03	-0.07	-1.51	-1.64	0.50	0.00	0.00	0.50
0.02	-0.08	-1.51	-1.58	0.50	0.00	0.00	0.50
0.02	-0.08	-1.33	-1.43	0.50	0.00	0.00	0.50
0.02	-0.09	-1.25	-1.36	0.50	0.00	0.00	0.50
0.01	-0.09	-1.04	-1.15	0.50	0.00	0.00	0.50
0.00	-0.10	-0.94	-1.03	0.50	0.00	0.00	0.50
-0.00	-0.10	-0.76	-0.85	0.50	0.00	0.00	0.50
-0.00	-0.11	-0.60	-0.68	0.50	0.00	0.00	0.50
-0.01	-0.11	-0.46	-0.51	0.50	0.00	0.00	0.50
-0.01	-0.11	-0.31	-0.35	0.50	0.00	0.00	0.50
-0.01	-0.12	-0.17	-0.20	0.50	0.00	0.00	0.50
-0.02	-0.12	0.01	-0.00	0.50	0.00	0.00	0.50
-0.02	-0.12	0.17	0.18	0.50	0.00	0.00	0.50
-0.02	-0.12	0.29	0.34	0.50	0.00	0.00	0.50
-0.02	-0.13	0.42	0.46	0.50	0.00	0.00	0.50
-0.02	-0.13	0.52	0.60	0.50	0.00	0.00	0.50
-0.02	-0.13	0.61	0.70	0.48	0.00	0.12	0.50
-0.02	-0.13	0.72	0.83	0.23	0.00	0.37	0.50
-0.03	-0.13	0.79	0.90	0.13	0.00	0.47	0.50
-0.03	-0.13	0.87	1.00	0.00	0.00	0.50	0.50
-0.03	-0.13	0.94	1.11	0.00	0.00	0.50	0.50
-0.03	-0.13	0.99	1.14	0.00	0.00	0.50	0.50
-0.03	-0.13	1.03	1.22	0.00	0.00	0.50	0.50
-0.02	-0.13	1.08	1.27	0.00	0.00	0.50	0.50
-0.02	-0.13	1.11	1.29	0.00	0.00	0.50	0.50
-0.02	-0.13	1.13	1.35	0.00	0.00	0.50	0.50
-0.02	-0.13	1.19	1.41	0.00	0.00	0.50	0.50
-0.02	-0.13	1.17	1.46	0.00	0.00	0.50	0.50
-0.02	-0.12	1.24	1.53	0.00	0.00	0.50	0.50
-0.02	-0.12	1.23	1.51	0.00	0.00	0.50	0.50
-0.02	-0.12	1.27	1.52	0.00	0.00	0.50	0.50
-0.02	-0.12	1.31	1.57	0.00	0.00	0.50	0.50
-0.02	-0.12	1.31	1.59	0.00	0.00	0.50	0.50
-0.02	-0.12	1.35	1.65	0.00	0.00	0.50	0.50
-0.01	-0.11	1.35	1.61	0.00	0.00	0.50	0.50
-0.01	-0.11	1.34	1.65	0.00	0.00	0.50	0.50
-0.01	-0.11	1.40	1.67	0.00	0.00	0.50	0.50
-0.01	-0.11	1.35	1.66	0.00	0.00	0.50	0.50
-0.01	-0.11	1.38	1.69	0.00	0.00	0.50	0.50
-0.01	-0.10	1.36	1.65	0.00	0.00	0.50	0.50
-0.01	-0.11	1.39	1.69	0.00	0.00	0.50	0.50
-0.00	-0.10	1.35	1.65	0.00	0.00	0.50	0.50
0.00	-0.10	1.36	1.66	0.00	0.00	0.50	0.50
0.01	-0.10	1.34	1.63	0.00	0.00	0.50	0.50
0.02	-0.09	1.36	1.65	0.00	0.00	0.50	0.50
0.03	-0.09	1.36	1.63	0.00	0.00	0.50	0.50
0.04	-0.09	1.32	1.62	0.00	0.00	0.50	0.50
0.04	-0.09	1.34	1.60	0.00	0.00	0.50	0.50
0.04	-0.08	1.30	1.57	0.00	0.00	0.50	0.50
0.04	-0.08	1.31	1.57	0.00	0.00	0.50	0.50
0.05	-0.08	1.26	1.53	0.00	0.00	0.50	0.50
0.05	-0.07	1.30	1.53	0.00	0.00	0.50	0.50
0.05	-0.07	1.20	1.50	0.00	0.00	0.50	0.50
0.05	-0.07	1.26	1.49	0.00	0.00	0.50	0.50
0.05	-0.07	1.21	1.46	0.00	0.00	0.50	0.50
0.06	-0.06	1.21	1.40	0.00	0.00	0.50	0.50
0.06	-0.06	1.20	1.39	0.00	0.00	0.50	0.50
0.06	-0.05	1.15	1.31	0.00	0.00	0.50	0.50
0.06	-0.05	1.14	1.37	0.00	0.00	0.50	0.50
0.07	-0.05	1.05	1.28	0.00	0.00	0.50	0.50
0.07	-0.05	1.14	1.22	0.00	0.00	0.50	0.50
0.07	-0.05	1.05	1.22	0.00	0.00	0.50	0.50
0.07	-0.04	1.04	1.17	0.00	0.00	0.50	0.50
0.07	-0.04	1.00	1.13	0.00	0.00	0.50	0.50
0.07	-0.04	0.97	1.08	0.00	0.00	0.50	0.50
0.07	-0.04	0.99	1.05	0.00	0.00	0.50	0.50
0.08	-0.03	0.93	1.02	0.00	0.00	0.50	0.50
0.08	-0.03	0.90	0.97	0.00	0.00	0.50	0.50
0.08	-0.03	0.89	0.94	0.00	0.00	0.50	0.50
0.08	-0.03	0.83	0.89	0.00	0.00	0.50	0.50
0.08	-0.03	0.84	0.84	0.00	0.00	0.50	0.50
0.09	-0.03	0.77	0.82	0.00	0.00	0.50	0.50
0.09	-0.03	0.76	0.76	0.00	0.00	0.50	0.50
0.09	-0.02	0.73	0.71	0.00	0.00	0.50	0.50
0.09	-0.02	0.67	0.68	0.00	0.00	0.50	0.50
0.09	-0.02	0.63	0.61	0.00	0.00	0.50	0.50
0.09	-0.02	0.61	0.55	0.00	0.00	0.50	0.50
0.09	-0.02	0.58	0.52	0.00	0.00	0.50	0.50
0.09	-0.02	0.54	0.48	0.00	0.00	0.50	0.50
0.09	-0.02	0.50	0.42	0.00	0.00	0.50	0.50
0.09	-0.01	0.47	0.34	0.00	0.00	0.50	0.50
0.10	-0.01	0.42	0.32	0.00	0.00	0.50	0.50
0.10	-0.01	0.37	0.29	0.00	0.00	0.50	0.50
0.10	-0.01	0.37	0.19	0.00	0.00	0.50	0.50
0.10	-0.01	0.31	0.16	0.00	0.00	0.50	0.50
0.10	-0.01	0.25	0.09	0.00	0.00	0.50	0.50
0.10	-0.01	0.24	0.04	0.00	0.00	0.50	0.50
0.10	-0.01	0.21	-0.02	0.00	0.00	0.50	0.50
0.10	-0.01	0.13	-0.05	0.00	0.00	0.50	0.50
0.10	-0.01	0.13	-0.12	0.00	0.00	0.50	0.50
0.10	-0.01	0.10	-0.16	0.00	0.00	0.50	0.50
0.10	-0.01	-0.02	-0.19	0.00	0.00	0.50	0.50
0.10	-0.01	-0.00	-0.27	0.00	0.00	0.50	0.50
0.10	-0.01	-0.03	-0.31	0.00	0.00	0.50	0.50
0.10	-0.01	-0.16	-0.35	0.00	0.00	0.50	0.50
0.10	-0.01	-0.16	-0.43	0.04	0.00	0.50	0.50
0.10	-0.01	-0.16	-0.49	0.09	0.00	0.50	0.50
0.10	-0.01	-0.28	-0.51	0.26	0.00	0.34	0.50
0.10	-0.01	-0.33	-0.57	0.38	0.00	0.22	0.50
0.09	-0.01	-0.31	-0.66	0.46	0.00	0.14	0.50
0.09	-0.02	-0.42	-0.70	0.50	0.00	0.00	0.50
0.09	-0.02	-0.46	-0.74	0.50	0.00	0.00	0.50
0.09	-0.02	-0.48	-0.81	0.50	0.00	0.00	0.50
0.09	-0.02	-0.51	-0.84	0.50	0.00	0.00	0.50
0.09	-0.02	-0.60	-0.88	0.50	0.00	0.00	0.50
0.08	-0.02	-0.60	-0.93	0.50	0.00	0.00	0.50
0.08	-0.02	-0.63	-0.98	0.50	0.00	0.00	0.50
0.08	-0.03	-0.70	-1.00	0.50	0.00	0.00	0.50
0.08	-0.03	-0.74	-1.07	0.50	0.00	0.00	0.50
0.08	-0.03	-0.76	-1.09	0.50	0.00	0.00	0.50
0.08	-0.03	-0.86	-1.09	0.50	0.00	0.00	0.50
0.07	-0.04	-0.84	-1.14	0.50	0.00	0.00	0.50
0.07	-0.04	-0.90	-1.16	0.50	0.00	0.00	0.50
0.07	-0.04	-0.95	-1.18	0.50	0.00	0.00	0.50
0.07	-0.04	-0.98	-1.18	0.50	0.00	0.00	0.50
0.06	-0.05	-1.02	-1.20	0.50	0.00	0.00	0.50
0.06	-0.05	-1.06	-1.22	0.50	0.00	0.00	0.50
0.06	-0.05	-1.08	-1.22	0.50	0.00	0.00	0.50
0.06	-0.05	-1.07	-1.25	0.50	0.00	0.00	0.50
0.06	-0.05	-1.14	-1.24	0.50	0.00	0.00	0.50
0.05	-0.05	-1.15	-1.25	0.50	0.00	0.00	0.50
0.05	-0.06	-1.17	-1.24	0.50	0.00	0.00	0.50
0.04	-0.06	-1.18	-1.25	0.50	0.00	0.00	0.50
0.04	-0.06	-1.20	-1.25	0.50	0.00	0.00	0.50
0.04	-0.07	-1.21	-1.24	0.50	0.00	0.00	0.50
0.04	-0.07	-1.21	-1.25	0.50	0.00	0.00	0.50
0.03	-0.07	-1.24	-1.24	0.50	0.00	0.00	0.50
0.03	-0.08	-1.21	-1.24	0.50	0.00	0.00	0.50
0.03	-0.08	-1.23	-1.23	0.50	0.00	0.00	0.50
0.02	-0.08	-1.21	-1.21	0.50	0.00	0.00	0.50
0.02	-0.09	-1.25	-1.20	0.50	0.00	0.00	0.50
0.02	-0.09	-1.19	-1.21	0.50	0.00	0.00	0.50
0.02	-0.09	-1.24	-1.18	0.50	0.00	0.00	0.50
0.02	-0.10	-1.18	-1.17	0.50	0.00	0.00	0.50
0.02	-0.10	-1.21	-1.16	0.50	0.00	0.00	0.50
0.02	-0.10	-1.14	-1.16	0.50	0.00	0.00	0.50
0.02	-0.10	-1.17	-1.12	0.50	0.00	0.00	0.50
0.01	-0.10	-1.11	-1.09	0.50	0.00	0.00	0.50
0.01	-0.11	-1.14	-1.10	0.50	0.00	0.00	0.50
0.01	-0.11	-1.06	-1.08	0.50	0.00	0.00	0.50
0.00	-0.11	-1.09	-1.06	0.50	0.00	0.00	0.50
-0.00	-0.12	-1.05	-0.99	0.50	0.00	0.00	0.50
-0.00	-0.12	-1.04	-1.01	0.50	0.00	0.00	0.50
-0.01	-0.12	-1.00	-0.96	0.50	0.00	0.00	0.50
-0.01	-0.12	-0.99	-0.95	0.50	0.00	0.00	0.50
-0.02	-0.13	-0.94	-0.89	0.50	0.00	0.00	0.50
-0.02	-0.13	-0.90	-0.88	0.50	0.00	0.00	0.50
-0.02	-0.13	-0.87	-0.84	0.50	0.00	0.00	0.50
-0.03	-0.13	-0.85	-0.82	0.50	0.00	0.00	0.50
-0.03	-0.13	-0.81	-0.81	0.50	0.00	0.00	0.50
-0.03	-0.14	-0.79	-0.73	0.50	0.00	0.00	0.50
-0.03	-0.14	-0.73	-0.69	0.50	0.00	0.00	0.50
-0.04	-0.14	-0.70	-0.67	0.50	0.00	0.00	0.50
-0.04	-0.14	-0.63	-0.63	0.50	0.00	0.00	0.50
-0.04	-0.14	-0.64	-0.60	0.50	0.00	0.00	0.50
-0.05	-0.14	-0.55	-0.52	0.50	0.00	0.00	0.50
-0.05	-0.15	-0.53	-0.47	0.50	0.00	0.00	0.50
-0.05	-0.15	-0.46	-0.43	0.50	0.00	0.00	0.50
-0.05	-0.15	-0.41	-0.38	0.50	0.00	0.00	0.50
-0.05	-0.15	-0.35	-0.36	0.50	0.00	0.00	0.50
-0.05	-0.15	-0.29	-0.28	0.50	0.00	0.00	0.50
-0.06	-0.15	-0.23	-0.20	0.50	0.00	0.00	0.50
-0.06	-0.15	-0.16	-0.16	0.50	0.00	0.00	0.50
-0.06	-0.15	-0.09	-0.08	0.50	0.00	0.00	0.50
-0.06	-0.15	-0.04	-0.03	0.50	0.00	0.00	0.50
-0.06	-0.15	0.04	0.02	0.50	0.00	0.00	0.50
-0.06	-0.15	0.11	0.09	0.50	0.00	0.00	0.50
-0.06	-0.15	0.16	0.18	0.50	0.00	0.00	0.50
-0.06	-0.15	0.23	0.22	0.50	0.00	0.00	0.50
-0.06	-0.15	0.30	0.28	0.50	0.00	0.00	0.50
-0.06	-0.15	0.34	0.36	0.50	0.00	0.00	0.50
-0.06	-0.15	0.40	0.41	0.50	0.00	0.00	0.50
-0.06	-0.15	0.48	0.47	0.50	0.00	0.00	0.50
-0.06	-0.15	0.53	0.53	0.50	0.00	0.00	0.50
-0.06	-0.15	0.54	0.58	0.50	0.00	0.00	0.50
-0.06	-0.15	0.65	0.63	0.50	0.00	0.00	0.50
-0.06	-0.15	0.68	0.67	0.50	0.00	0.00	0.50
-0.06	-0.14	0.71	0.73	0.50	0.00	0.00	0.50
-0.06	-0.14	0.83	0.77	0.50	0.00	0.00	0.50
-0.06	-0.14	0.85	0.80	0.50	0.00	0.00	0.50
-0.06	-0.14	0.90	0.86	0.48	0.00	0.12	0.50
-0.06	-0.14	0.96	0.91	0.39	0.00	0.21	0.50
-0.05	-0.14	1.02	0.96	0.23	0.00	0.37	0.50
-0.05	-0.14	1.08	1.04	0.05	0.00	0.50	0.50
-0.05	-0.14	1.10	1.08	0.00	0.00	0.50	0.50
-0.05	-0.13	1.15	1.11	0.00	0.00	0.50	0.50
-0.05	-0.13	1.22	1.18	0.00	0.00	0.50	0.50
-0.05	-0.13	1.24	1.17	0.00	0.00	0.50	0.50
-0.04	-0.12	1.31	1.23	0.00	0.00	0.50	0.50
-0.04	-0.12	1.37	1.30	0.00	0.00	0.50	0.50
-0.04	-0.12	1.37	1.28	0.00	0.00	0.50	0.50
-0.04	-0.12	1.43	1.36	0.00	0.00	0.50	0.50
-0.03	-0.12	1.49	1.39	0.00	0.00	0.50	0.50
-0.03	-0.11	1.49	1.42	0.00	0.00	0.50	0.50
-0.03	-0.11	1.56	1.50	0.00	0.00	0.50	0.50
-0.02	-0.11	1.57	1.51	0.00	0.00	0.50	0.50
-0.02	-0.10	1.58	1.53	0.00	0.00	0.50	0.50
-0.01	-0.10	1.63	1.55	0.00	0.00	0.50	0.50
-0.01	-0.10	1.64	1.55	0.00	0.00	0.50	0.50
-0.01	-0.09	1.70	1.62	0.00	0.00	0.50	0.50
-0.00	-0.09	1.69	1.57	0.00	0.00	0.50	0.50
-0.00	-0.09	1.72	1.63	0.00	0.00	0.50	0.50
0.01	-0.08	1.71	1.63	0.00	0.00	0.50	0.50
0.01	-0.08	1.73	1.62	0.00	0.00	0.50	0.50
0.01	-0.08	1.77	1.64	0.00	0.00	0.50	0.50
0.01	-0.07	1.74	1.64	0.00	0.00	0.50	0.50
0.02	-0.07	1.79	1.66	0.00	0.00	0.50	0.50
0.02	-0.06	1.76	1.61	0.00	0.00	0.50	0.50
0.02	-0.06	1.78	1.67	0.00	0.00	0.50	0.50
0.03	-0.06	1.75	1.62	0.00	0.00	0.50	0.50
0.03	-0.05	1.81	1.64	0.00	0.00	0.50	0.50
0.04	-0.05	1.77	1.61	0.00	0.00	0.50	0.50
0.04	-0.05	1.79	1.63	0.00	0.00	0.50	0.50
0.05	-0.04	1.73	1.57	0.00	0.00	0.50	0.50
0.05	-0.04	1.79	1.63	0.00	0.00	0.50	0.50
0.06	-0.03	1.63	1.63	0.00	0.00	0.50	0.50
0.07	-0.03	1.69	1.66	0.00	0.00	0.50	0.50
0.08	-0.03	1.63	1.57	0.00	0.00	0.50	0.50
0.09	-0.02	1.71	1.59	0.00	0.00	0.50	0.50
0.10	-0.02	1.67	1.46	0.00	0.00	0.50	0.50
0.10	-0.01	1.70	1.47	0.00	0.00	0.50	0.50
0.10	-0.01	1.64	1.44	0.00	0.00	0.50	0.50
0.11	-0.00	1.64	1.40	0.00	0.00	0.50	0.50
0.11	0.00	1.61	1.42	0.00	0.00	0.50	0.50
0.12	0.01	1.53	1.39	0.00	0.00	0.50	0.50
0.12	0.01	1.52	1.41	0.00	0.00	0.50	0.50
0.13	0.01	1.42	1.36	0.00	0.00	0.50	0.50
0.13	0.02	1.46	1.36	0.00	0.00	0.50	0.50
0.14	0.02	1.41	1.31	0.00	0.00	0.50	0.50
0.14	0.02	1.38	1.30	0.00	0.00	0.50	0.50
0.15	0.03	1.31	1.30	0.00	0.00	0.50	0.50
0.15	0.03	1.24	1.26	0.00	0.00	0.50	0.50
0.15	0.04	1.29	1.21	0.00	0.00	0.50	0.50
0.16	0.04	1.16	1.15	0.00	0.00	0.50	0.50
0.16	0.04	1.20	1.15	0.00	0.00	0.50	0.50
0.17	0.04	1.09	1.11	0.00	0.00	0.50	0.50
0.17	0.05	1.07	1.05	0.00	0.00	0.50	0.50
0.17	0.05	1.00	1.03	0.00	0.00	0.50	0.50
0.17	0.05	0.86	0.98	0.00	0.00	0.50	0.50
0.18	0.06	0.89	0.94	0.00	0.00	0.50	0.50
0.18	0.06	0.74	0.89	0.00	0.00	0.50	0.50
0.19	0.06	0.66	0.83	0.00	0.00	0.50	0.50
0.19	0.07	0.59	0.75	0.00	0.00	0.50	0.50
0.19	0.07	0.52	0.66	0.00	0.00	0.50	0.50
0.19	0.07	0.43	0.58	0.00	0.00	0.50	0.50
0.19	0.07	0.31	0.52	0.00	0.00	0.50	0.50
0.20	0.08	0.23	0.44	0.00	0.00	0.50	0.50
0.20	0.08	0.17	0.36	0.00	0.00	0.50	0.50
0.20	0.08	0.05	0.30	0.00	0.00	0.50	0.50
0.20	0.08	-0.04	0.18	0.00	0.00	0.50	0.50
0.20	0.08	-0.16	0.08	0.00	0.00	0.50	0.50
0.20	0.09	-0.25	0.02	0.00	0.00	0.50	0.50
0.20	0.09	-0.33	-0.07	0.00	0.00	0.50	0.50
0.20	0.09	-0.41	-0.14	0.00	0.00	0.50	0.50
0.20	0.09	-0.50	-0.20	0.00	0.00	0.50	0.50
0.21	0.09	-0.58	-0.29	0.00	0.00	0.50	0.50
0.20	0.09	-0.63	-0.38	0.00	0.00	0.50	0.50
0.20	0.09	-0.69	-0.42	0.00	0.00	0.50	0.50
0.20	0.09	-0.76	-0.47	0.00	0.00	0.50	0.50
0.20	0.09	-0.81	-0.57	0.00	0.00	0.50	0.50
0.20	0.10	-0.88	-0.58	0.00	0.00	0.50	0.50
0.20	0.09	-0.92	-0.64	0.00	0.00	0.50	0.50
0.20	0.09	-0.95	-0.71	0.00	0.00	0.50	0.50
0.20	0.09	-1.02	-0.77	0.00	0.00	0.50	0.50
0.20	0.09	-1.05	-0.82	0.00	0.00	0.50	0.50
0.20	0.09	-1.11	-0.86	0.00	0.00	0.50	0.50
0.19	0.09	-1.17	-0.95	0.00	0.00	0.50	0.50
0.19	0.09	-1.15	-0.98	0.00	0.00	0.50	0.50
0.19	0.09	-1.25	-1.02	0.00	0.00	0.50	0.50
0.19	0.09	-1.30	-1.11	0.00	0.00	0.50	0.50
0.19	0.09	-1.31	-1.15	0.00	0.00	0.50	0.50
0.18	0.09	-1.41	-1.18	0.19	0.00	0.41	0.50
0.18	0.09	-1.46	-1.29	0.39	0.00	0.21	0.50
0.18	0.09	-1.46	-1.30	0.41	0.00	0.19	0.50
0.18	0.09	-1.54	-1.37	0.50	0.00	0.00	0.50
0.17	0.09	-1.60	-1.45	0.50	0.00	0.00	0.50
0.17	0.09	-1.66	-1.46	0.50	0.00	0.00	0.50
0.17	0.08	-1.66	-1.57	0.50	0.00	0.00	0.50
0.17	0.08	-1.70	-1.61	0.50	0.00	0.00	0.50
0.16	0.08	-1.80	-1.61	0.50	0.00	0.00	0.50
0.16	0.08	-1.81	-1.68	0.50	0.00	0.00	0.50
0.16	0.08	-1.82	-1.73	0.50	0.00	0.00	0.50
0.15	0.08	-1.91	-1.78	0.50	0.00	0.00	0.50
0.15	0.07	-1.89	-1.83	0.50	0.00	0.00	0.50
0.15	0.07	-1.94	-1.85	0.50	0.00	0.00	0.50
0.14	0.07	-2.02	-1.93	0.50	0.00	0.00	0.50
0.14	0.07	-1.99	-1.94	0.50	0.00	0.00	0.50
0.14	0.06	-2.01	-1.95	0.50	0.00	0.00	0.50
0.13	0.06	-2.04	-2.05	0.50	0.00	0.00	0.50
0.13	0.06	-2.05	-2.02	0.50	0.00	0.00	0.50
0.13	0.05	-2.13	-2.10	0.50	0.00	0.00	0.50
0.12	0.05	-2.08	-2.11	0.50	0.00	0.00	0.50
0.12	0.05	-2.16	-2.09	0.50	0.00	0.00	0.50
0.11	0.04	-2.09	-2.13	0.50	0.00	0.00	0.50
0.11	0.04	-2.12	-2.15	0.50	0.00	0.00	0.50
0.10	0.04	-2.16	-2.17	0.50	0.00	0.00	0.50
0.10	0.03	-2.11	-2.17	0.50	0.00	0.00	0.50
0.10	0.03	-2.19	-2.18	0.50	0.00	0.00	0.50
0.09	0.03	-2.12	-2.20	0.50	0.00	0.00	0.50
0.09	0.02	-2.19	-2.17	0.50	0.00	0.00	0.50
0.09	0.02	-2.10	-2.18	0.50	0.00	0.00	0.50
0.09	0.01	-2.17	-2.18	0.50	0.00	0.00	0.50
0.08	0.00	-2.09	-2.20	0.50	0.00	0.00	0.50
0.09	-0.00	-2.14	-2.15	0.50	0.00	0.00	0.50
0.08	-0.00	-2.07	-2.19	0.50	0.00	0.00	0.50
0.09	-0.01	-2.09	-2.13	0.50	0.00	0.00	0.50
0.08	-0.01	-2.01	-2.16	0.50	0.00	0.00	0.50
0.08	-0.02	-2.02	-2.08	0.50	0.00	0.00	0.50
0.07	-0.02	-1.87	-2.07	0.50	0.00	0.00	0.50
0.07	-0.03	-1.89	-2.00	0.50	0.00	0.00	0.50
0.06	-0.03	-1.79	-1.98	0.50	0.00	0.00	0.50
0.06	-0.04	-1.80	-1.93	0.50	0.00	0.00	0.50
0.06	-0.04	-1.69	-1.80	0.50	0.00	0.00	0.50
0.05	-0.04	-1.61	-1.79	0.50	0.00	0.00	0.50
0.05	-0.04	-1.46	-1.58	0.50	0.00	0.00	0.50
0.04	-0.05	-1.33	-1.51	0.50	0.00	0.00	0.50
0.04	-0.05	-1.22	-1.34	0.50	0.00	0.00	0.50
0.04	-0.06	-1.08	-1.21	0.50	0.00	0.00	0.50
0.03	-0.06	-0.92	-1.06	0.50	0.00	0.00	0.50
0.03	-0.07	-0.79	-0.90	0.50	0.00	0.00	0.50
0.03	-0.07	-0.65	-0.78	0.50	0.00	0.00	0.50
0.02	-0.07	-0.48	-0.60	0.50	0.00	0.00	0.50
0.02	-0.07	-0.29	-0.42	0.50	0.00	0.00	0.50
0.02	-0.08	-0.18	-0.28	0.50	0.00	0.00	0.50
0.02	-0.08	-0.02	-0.10	0.50	0.00	0.00	0.50
0.01	-0.08	0.11	0.03	0.50	0.00	0.00	0.50
0.01	-0.08	0.27	0.12	0.50	0.00	0.10	0.50
0.01	-0.08	0.38	0.26	0.24	0.00	0.36	0.50
0.01	-0.08	0.45	0.39	0.06	0.00	0.50	0.50
0.01	-0.08	0.57	0.48	0.00	0.00	0.50	0.50
0.01	-0.08	0.66	0.57	0.00	0.00	0.50	0.50
0.01	-0.08	0.72	0.65	0.00	0.00	0.50	0.50
0.01	-0.07	0.78	0.74	0.00	0.00	0.50	0.50
0.01	-0.07	0.83	0.76	0.00	0.00	0.50	0.50
0.01	-0.07	0.88	0.80	0.00	0.00	0.50	0.50
0.01	-0.07	0.91	0.87	0.00	0.00	0.50	0.50
0.01	-0.07	0.99	0.92	0.00	0.00	0.50	0.50
0.02	-0.07	1.01	0.97	0.00	0.00	0.50	0.50
0.02	-0.07	1.07	1.04	0.00	0.00	0.50	0.50
0.02	-0.07	1.07	1.04	0.00	0.00	0.50	0.50
0.02	-0.07	1.14	1.06	0.00	0.00	0.50	0.50
0.02	-0.07	1.12	1.15	0.00	0.00	0.50	0.50
0.02	-0.06	1.13	1.15	0.00	0.00	0.50	0.50
0.02	-0.06	1.19	1.17	0.00	0.00	0.50	0.50
0.03	-0.06	1.21	1.19	0.00	0.00	0.50	0.50
0.03	-0.06	1.19	1.19	0.00	0.00	0.50	0.50
0.03	-0.06	1.23	1.23	0.00	0.00	0.50	0.50
0.03	-0.06	1.21	1.21	0.00	0.00	0.50	0.50
0.03	-0.06	1.26	1.27	0.00	0.00	0.50	0.50
0.03	-0.05	1.22	1.24	0.00	0.00	0.50	0.50
0.03	-0.05	1.25	1.27	0.00	0.00	0.50	0.50
0.04	-0.05	1.22	1.26	0.00	0.00	0.50	0.50
0.04	-0.05	1.23	1.28	0.00	0.00	0.50	0.50
0.04	-0.05	1.22	1.26	0.00	0.00	0.50	0.50
0.04	-0.05	1.21	1.28	0.00	0.00	0.50	0.50
0.05	-0.04	1.17	1.28	0.00	0.00	0.50	0.50
0.06	-0.04	1.19	1.26	0.00	0.00	0.50	0.50
0.07	-0.04	1.19	1.25	0.00	0.00	0.50	0.50
0.07	-0.04	1.19	1.26	0.00	0.00	0.50	0.50
0.07	-0.04	1.16	1.25	0.00	0.00	0.50	0.50
0.07	-0.03	1.14	1.22	0.00	0.00	0.50	0.50
0.08	-0.03	1.12	1.23	0.00	0.00	0.50	0.50
0.08	-0.03	1.08	1.18	0.00	0.00	0.50	0.50
0.08	-0.03	1.09	1.21	0.00	0.00	0.50	0.50
0.08	-0.03	1.06	1.13	0.00	0.00	0.50	0.50
0.08	-0.03	1.05	1.14	0.00	0.00	0.50	0.50
0.08	-0.03	1.00	1.12	0.00	0.00	0.50	0.50
0.08	-0.02	0.98	1.10	0.00	0.00	0.50	0.50
0.08	-0.02	0.96	1.09	0.00	0.00	0.50	0.50
0.09	-0.02	0.93	1.03	0.00	0.00	0.50	0.50
0.09	-0.02	0.96	1.00	0.00	0.00	0.50	0.50
0.09	-0.02	0.85	0.97	0.00	0.00	0.50	0.50
0.09	-0.02	0.90	0.97	0.00	0.00	0.50	0.50
0.09	-0.02	0.82	0.92	0.00	0.00	0.50	0.50
0.09	-0.01	0.82	0.89	0.00	0.00	0.50	0.50
0.09	-0.01	0.75	0.88	0.00	0.00	0.50	0.50
0.09	-0.01	0.70	0.84	0.00	0.00	0.50	0.50
0.09	-0.01	0.74	0.81	0.00	0.00	0.50	0.50
0.09	-0.01	0.68	0.78	0.00	0.00	0.50	0.50
0.10	-0.01	0.63	0.74	0.00	0.00	0.50	0.50
0.10	-0.01	0.56	0.74	0.00	0.00	0.50	0.50
0.10	-0.01	0.49	0.72	0.00	0.00	0.50	0.50
0.10	-0.01	0.50	0.68	0.00	0.00	0.50	0.50
0.10	-0.01	0.46	0.60	0.00	0.00	0.50	0.50
0.10	-0.00	0.47	0.51	0.00	0.00	0.50	0.50
0.10	-0.00	0.40	0.49	0.00	0.00	0.50	0.50
0.10	-0.01	0.36	0.45	0.00	0.00	0.50	0.50
0.10	-0.00	0.37	0.40	0.00	0.00	0.50	0.50
0.10	-0.00	0.32	0.36	0.00	0.00	0.50	0.50
0.10	-0.00	0.24	0.32	0.00	0.00	0.50	0.50
