0.35	0.37	0.00	0.00	34.47	13.60	35.53	56.40
0.35	0.37	0.00	0.00	34.47	13.60	35.53	56.40
0.35	0.37	0.00	0.00	34.47	13.60	35.53	56.40
0.35	0.37	0.00	0.00	34.47	13.60	35.53	56.40
0.35	0.37	0.00	0.00	34.48	13.60	35.52	56.40
0.35	0.37	0.00	0.00	34.48	13.60	35.52	56.40
0.35	0.37	0.00	0.00	34.48	13.60	35.52	56.40
0.35	0.37	0.00	0.00	34.48	13.60	35.52	56.40
0.35	0.37	0.00	0.00	34.48	13.60	35.52	56.40
0.35	0.37	0.00	0.00	34.48	13.60	35.52	56.40
0.35	0.37	0.00	0.00	34.48	13.60	35.52	56.40
0.35	0.37	0.00	0.00	34.48	13.60	35.52	56.40
0.35	0.37	0.00	0.00	34.48	13.60	35.52	56.40
0.35	0.37	0.00	0.00	34.49	13.60	35.51	56.40
0.35	0.37	0.00	0.00	34.49	13.60	35.51	56.40
0.35	0.37	0.00	0.00	34.49	13.60	35.51	56.40
0.35	0.37	0.00	0.00	34.49	13.60	35.51	56.40
0.35	0.37	0.00	0.00	34.49	13.60	35.51	56.40
0.35	0.37	0.00	0.00	34.49	13.60	35.51	56.40
0.35	0.37	0.00	0.00	34.49	13.61	35.51	56.39
0.35	0.37	0.00	0.00	34.49	13.61	35.51	56.39
0.35	0.37	0.00	0.00	34.49	13.61	35.51	56.39
0.35	0.37	0.00	0.00	34.49	13.61	35.51	56.39
0.35	0.36	0.00	0.00	34.49	13.61	35.51	56.39
0.35	0.36	0.00	0.00	34.50	13.61	35.50	56.39
0.35	0.36	0.00	0.00	34.50	13.61	35.50	56.39
0.35	0.36	0.00	0.00	34.50	13.61	35.50	56.39
0.35	0.36	0.00	0.00	34.50	13.61	35.50	56.39
0.35	0.36	0.00	0.00	34.50	13.61	35.50	56.39
0.35	0.36	0.00	0.00	34.50	13.61	35.50	56.39
0.35	0.36	0.00	0.00	34.50	13.60	35.50	56.40
0.35	0.37	0.00	0.00	34.50	13.60	35.50	56.40
0.35	0.36	0.00	0.00	34.52	13.61	35.48	56.39
0.35	0.36	0.00	0.00	34.49	13.61	35.51	56.39
0.35	0.37	0.00	0.00	34.50	13.60	35.50	56.40
0.35	0.36	0.00	0.00	34.51	13.62	35.49	56.38
0.35	0.37	0.00	0.00	34.51	13.58	35.49	56.42
0.35	0.36	0.00	0.00	34.53	13.62	35.47	56.38
0.35	0.37	0.00	0.00	34.48	13.59	35.52	56.41
0.35	0.36	0.00	0.00	34.49	13.61	35.51	56.39
0.35	0.36	0.00	0.00	34.51	13.59	35.49	56.41
0.35	0.37	0.00	0.00	34.50	13.60	35.50	56.40
0.35	0.36	0.00	0.00	34.51	13.62	35.49	56.38
0.35	0.37	0.00	0.00	34.51	13.54	35.49	56.46
0.35	0.36	0.00	0.00	34.50	13.61	35.50	56.39
0.35	0.37	0.00	0.00	34.51	13.53	35.49	56.47
0.35	0.37	0.00	0.00	34.52	13.57	35.48	56.43
0.35	0.37	0.00	0.00	34.51	13.57	35.49	56.43
0.35	0.37	0.00	0.00	34.52	13.53	35.48	56.47
0.35	0.37	0.00	0.00	34.50	13.59	35.50	56.41
0.35	0.37	0.00	0.00	34.59	13.47	35.41	56.53
0.35	0.36	0.00	0.00	34.56	13.54	35.44	56.46
0.35	0.37	0.00	0.00	34.55	13.50	35.45	56.50
0.35	0.37	0.00	0.00	34.59	13.50	35.41	56.50
0.35	0.36	0.00	0.00	34.56	13.55	35.44	56.45
0.35	0.37	0.00	0.00	34.64	13.45	35.36	56.55
0.35	0.36	0.00	0.00	34.62	13.52	35.38	56.48
0.35	0.37	0.00	0.00	34.63	13.44	35.37	56.56
0.35	0.36	0.00	0.00	34.67	13.46	35.33	56.54
0.35	0.36	0.00	0.00	34.61	13.50	35.39	56.50
0.36	0.36	0.00	0.00	34.73	13.41	35.27	56.59
0.35	0.36	0.00	0.00	34.70	13.49	35.30	56.51
0.36	0.37	0.00	0.00	34.70	13.39	35.30	56.61
0.35	0.36	0.00	0.00	34.73	13.44	35.27	56.56
0.35	0.37	0.00	0.00	34.67	13.42	35.33	56.58
0.36	0.36	0.00	0.00	34.73	13.42	35.27	56.58
0.35	0.36	0.00	0.00	34.69	13.44	35.31	56.56
0.35	0.36	0.00	0.00	34.71	13.41	35.29	56.59
0.35	0.36	0.00	0.00	34.71	13.44	35.29	56.56
0.36	0.37	0.00	0.00	34.70	13.40	35.30	56.60
0.35	0.36	0.00	0.00	34.71	13.42	35.29	56.58
0.35	0.36	0.00	0.00	34.69	13.41	35.31	56.59
0.35	0.36	0.00	0.00	34.70	13.41	35.30	56.59
0.35	0.36	0.00	0.00	34.70	13.42	35.30	56.58
0.36	0.36	0.00	0.00	34.71	13.39	35.29	56.61
0.35	0.36	0.00	0.00	34.69	13.42	35.31	56.58
0.36	0.36	0.00	0.00	34.71	13.40	35.29	56.60
0.35	0.36	0.00	0.00	34.71	13.42	35.29	56.58
0.35	0.36	0.00	0.00	34.71	13.41	35.29	56.59
0.36	0.36	0.00	0.00	34.71	13.40	35.29	56.60
0.35	0.37	0.00	0.00	34.68	13.41	35.32	56.59
0.36	0.37	0.00	0.00	34.70	13.38	35.30	56.62
0.35	0.37	0.00	0.00	34.69	13.40	35.31	56.60
0.36	0.37	0.00	0.00	34.71	13.38	35.29	56.62
0.36	0.37	0.00	0.00	34.69	13.39	35.31	56.61
0.36	0.37	0.00	0.00	34.70	13.38	35.30	56.62
0.36	0.37	0.00	0.00	34.71	13.37	35.29	56.63
0.36	0.37	0.00	0.00	34.71	13.38	35.29	56.62
0.36	0.37	0.00	0.00	34.72	13.38	35.28	56.62
0.36	0.37	0.00	0.00	34.69	13.37	35.31	56.63
0.36	0.37	0.00	0.00	34.70	13.37	35.30	56.63
0.36	0.37	0.00	0.00	34.69	13.38	35.31	56.62
0.36	0.37	0.00	0.00	34.72	13.36	35.28	56.64
0.36	0.37	0.00	0.00	34.72	13.36	35.28	56.64
0.36	0.37	0.00	0.00	34.71	13.37	35.29	56.63
0.36	0.37	0.00	0.00	34.71	13.37	35.29	56.63
0.36	0.37	0.00	0.00	34.70	13.36	35.30	56.64
0.36	0.37	0.00	0.00	34.71	13.36	35.29	56.64
0.36	0.37	0.00	0.00	34.71	13.37	35.29	56.63
0.36	0.37	0.00	0.00	34.71	13.37	35.29	56.63
0.36	0.37	0.00	0.00	34.71	13.36	35.29	56.64
0.36	0.37	0.00	0.00	34.72	13.37	35.28	56.63
0.36	0.37	0.00	0.00	34.72	13.37	35.28	56.63
0.36	0.37	0.00	0.00	34.70	13.36	35.30	56.64
0.36	0.37	0.00	0.00	34.71	13.36	35.29	56.64
0.36	0.37	0.00	0.00	34.72	13.36	35.28	56.64
0.36	0.37	0.00	0.00	34.72	13.36	35.28	56.64
0.36	0.37	0.00	0.00	34.72	13.34	35.28	56.66
0.36	0.37	0.00	0.00	34.73	13.34	35.27	56.66
0.36	0.37	0.00	0.00	34.71	13.33	35.29	56.67
0.36	0.37	0.00	0.00	34.71	13.35	35.29	56.65
0.36	0.37	0.00	0.00	34.72	13.33	35.28	56.67
0.36	0.37	0.00	0.00	34.72	13.33	35.28	56.67
0.36	0.37	0.00	0.00	34.74	13.32	35.26	56.68
0.36	0.37	0.00	0.00	34.72	13.32	35.28	56.68
0.36	0.37	0.00	0.00	34.72	13.32	35.28	56.68
0.36	0.37	0.00	0.00	34.71	13.30	35.29	56.70
0.36	0.37	0.00	0.00	34.71	13.32	35.29	56.68
0.36	0.37	0.00	0.00	34.74	13.29	35.26	56.71
0.36	0.37	0.00	0.00	34.74	13.30	35.26	56.70
0.36	0.37	0.00	0.00	34.73	13.29	35.27	56.71
0.36	0.37	0.00	0.00	34.72	13.29	35.28	56.71
0.36	0.37	0.00	0.00	34.72	13.29	35.28	56.71
0.36	0.37	0.00	0.00	34.72	13.29	35.28	56.71
0.36	0.37	0.00	0.00	34.72	13.28	35.28	56.72
0.36	0.37	0.00	0.00	34.72	13.29	35.28	56.71
0.36	0.37	0.00	0.00	34.72	13.28	35.28	56.72
0.36	0.37	0.00	0.00	34.71	13.28	35.29	56.72
0.36	0.37	0.00	0.00	34.73	13.25	35.27	56.75
0.36	0.37	0.00	0.00	34.71	13.26	35.29	56.74
0.36	0.37	0.00	0.00	34.73	13.27	35.27	56.73
0.36	0.37	0.00	0.00	34.74	13.28	35.26	56.73
0.36	0.37	0.00	0.00	34.72	13.27	35.28	56.73
0.36	0.37	0.00	0.00	34.72	13.26	35.28	56.74
0.36	0.37	0.00	0.00	34.70	13.25	35.30	56.75
0.36	0.37	0.00	0.00	34.70	13.26	35.30	56.74
0.36	0.37	0.00	0.00	34.73	13.26	35.27	56.74
0.36	0.37	0.00	0.00	34.76	13.24	35.24	56.76
0.36	0.37	0.00	0.00	34.76	13.24	35.24	56.76
0.36	0.37	0.00	0.00	34.73	13.23	35.27	56.77
0.36	0.37	0.00	0.00	34.71	13.23	35.29	56.77
0.36	0.37	0.00	0.00	34.72	13.24	35.28	56.76
0.36	0.37	0.00	0.00	34.74	13.25	35.26	56.75
0.36	0.37	0.00	0.00	34.75	13.25	35.25	56.75
0.36	0.37	0.00	0.00	34.74	13.25	35.26	56.75
0.36	0.37	0.00	0.00	34.71	13.21	35.29	56.79
0.36	0.37	0.00	0.00	34.69	13.23	35.31	56.77
0.36	0.37	0.00	0.00	34.72	13.21	35.28	56.79
0.36	0.37	0.00	0.00	34.73	13.23	35.27	56.77
0.36	0.37	0.00	0.00	34.76	13.20	35.24	56.80
0.36	0.37	0.00	0.00	34.74	13.20	35.26	56.80
0.36	0.37	0.00	0.00	34.72	13.18	35.28	56.82
0.36	0.37	0.00	0.00	34.73	13.17	35.27	56.83
0.36	0.37	0.00	0.00	34.72	13.18	35.28	56.82
0.36	0.37	0.00	0.00	34.74	13.16	35.26	56.84
0.36	0.37	0.00	0.00	34.73	13.16	35.27	56.84
0.36	0.37	0.00	0.00	34.73	13.15	35.27	56.85
0.36	0.37	0.00	0.00	34.73	13.09	35.27	56.91
0.36	0.37	0.00	0.00	34.74	13.12	35.26	56.88
0.36	0.37	0.00	0.00	34.72	13.09	35.28	56.91
0.36	0.37	0.00	0.00	34.71	13.12	35.29	56.88
0.36	0.37	0.00	0.00	34.74	13.06	35.26	56.94
0.36	0.37	0.00	0.00	34.74	13.04	35.26	56.96
0.36	0.37	0.00	0.00	34.73	13.03	35.27	56.97
0.36	0.37	0.00	0.00	34.72	13.02	35.28	56.98
0.36	0.37	0.00	0.00	34.72	13.03	35.28	56.97
0.36	0.37	0.00	0.00	34.75	12.99	35.25	57.01
0.36	0.37	0.00	0.00	34.74	12.98	35.26	57.02
0.36	0.37	0.00	0.00	34.73	12.96	35.27	57.04
0.36	0.37	0.00	0.00	34.72	12.95	35.28	57.05
0.36	0.37	0.00	0.00	34.72	12.95	35.28	57.05
0.36	0.37	0.00	0.00	34.75	12.89	35.25	57.11
0.36	0.37	0.00	0.00	34.74	12.89	35.26	57.11
0.36	0.37	0.00	0.00	34.73	12.85	35.27	57.15
0.36	0.37	0.00	0.00	34.73	12.87	35.27	57.13
0.37	0.37	0.00	0.00	34.75	12.82	35.25	57.18
0.37	0.37	0.00	0.00	34.75	12.81	35.25	57.19
0.37	0.38	0.00	0.00	34.72	12.77	35.28	57.23
0.37	0.38	0.00	0.00	34.72	12.77	35.28	57.23
0.37	0.38	0.00	0.00	34.71	12.76	35.29	57.24
0.37	0.38	0.00	0.00	34.77	12.71	35.23	57.29
0.37	0.38	0.00	0.00	34.75	12.70	35.25	57.30
0.37	0.38	0.00	0.00	34.72	12.68	35.28	57.32
0.37	0.38	0.00	0.00	34.76	12.66	35.24	57.34
0.37	0.38	0.00	0.00	34.76	12.64	35.24	57.36
0.37	0.38	0.00	0.00	34.73	12.60	35.27	57.40
0.37	0.38	0.00	0.00	34.73	12.60	35.27	57.40
0.37	0.38	0.00	0.00	34.73	12.56	35.27	57.44
0.37	0.38	0.00	0.00	34.75	12.57	35.25	57.43
0.37	0.38	0.00	0.00	34.76	12.49	35.24	57.51
0.37	0.38	0.00	0.00	34.74	12.51	35.26	57.49
0.37	0.38	0.00	0.00	34.72	12.45	35.28	57.55
0.37	0.38	0.00	0.00	34.75	12.48	35.25	57.52
0.37	0.38	0.00	0.00	34.75	12.41	35.25	57.59
0.37	0.38	0.00	0.00	34.75	12.40	35.25	57.60
0.37	0.38	0.00	0.00	34.71	12.37	35.29	57.63
0.37	0.38	0.00	0.00	34.73	12.37	35.27	57.63
0.37	0.38	0.00	0.00	34.74	12.36	35.26	57.64
0.37	0.38	0.00	0.00	34.77	12.29	35.23	57.71
0.37	0.38	0.00	0.00	34.73	12.29	35.27	57.71
0.37	0.38	0.00	0.00	34.72	12.24	35.28	57.76
0.37	0.38	0.00	0.00	34.74	12.27	35.26	57.73
0.38	0.38	0.00	0.00	34.75	12.19	35.25	57.81
0.38	0.38	0.00	0.00	34.74	12.20	35.26	57.80
0.38	0.39	0.00	0.00	34.68	12.13	35.32	57.87
0.38	0.39	0.00	0.00	34.70	12.17	35.30	57.83
0.38	0.39	0.00	0.00	34.72	12.08	35.28	57.92
0.38	0.39	0.00	0.00	34.74	12.08	35.26	57.92
0.38	0.39	0.00	0.00	34.68	12.04	35.32	57.96
0.38	0.39	0.00	0.00	34.68	12.06	35.32	57.94
0.38	0.39	0.00	0.00	34.71	12.05	35.29	57.95
0.38	0.39	0.00	0.00	34.74	12.01	35.26	57.99
0.38	0.39	0.00	0.00	34.70	11.98	35.30	58.02
0.38	0.39	0.00	0.00	34.68	11.96	35.32	58.04
0.38	0.39	0.00	0.00	34.72	11.96	35.28	58.04
0.38	0.39	0.00	0.00	34.71	11.96	35.29	58.04
0.38	0.39	0.00	0.00	34.74	11.92	35.26	58.08
0.38	0.39	0.00	0.00	34.68	11.92	35.32	58.08
0.38	0.39	0.00	0.00	34.70	11.91	35.30	58.09
0.38	0.39	0.00	0.00	34.72	11.93	35.28	58.07
0.38	0.39	0.00	0.00	34.73	11.85	35.27	58.15
0.38	0.39	0.00	0.00	34.71	11.87	35.29	58.13
0.38	0.39	0.00	0.00	34.66	11.80	35.34	58.20
0.38	0.39	0.00	0.00	34.70	11.85	35.30	58.15
0.38	0.39	0.00	0.00	34.72	11.75	35.28	58.25
0.38	0.39	0.00	0.00	34.71	11.78	35.29	58.22
0.38	0.40	0.00	0.00	34.62	11.68	35.38	58.32
0.38	0.39	0.00	0.00	34.65	11.73	35.35	58.27
0.38	0.39	0.00	0.00	34.65	11.69	35.35	58.31
0.38	0.39	0.00	0.00	34.66	11.68	35.34	58.32
0.38	0.40	0.00	0.00	34.60	11.65	35.40	58.35
0.38	0.40	0.00	0.00	34.62	11.65	35.38	58.35
0.38	0.39	0.00	0.00	34.66	11.67	35.34	58.33
0.38	0.39	0.00	0.00	34.66	11.64	35.34	58.36
0.38	0.40	0.00	0.00	34.63	11.64	35.37	58.36
0.38	0.40	0.00	0.00	34.61	11.61	35.39	58.39
0.38	0.40	0.00	0.00	34.64	11.64	35.36	58.36
0.38	0.40	0.00	0.00	34.63	11.62	35.37	58.38
0.38	0.40	0.00	0.00	34.64	11.60	35.36	58.40
0.38	0.40	0.00	0.00	34.59	11.60	35.41	58.40
0.38	0.40	0.00	0.00	34.63	11.58	35.37	58.42
0.38	0.40	0.00	0.00	34.65	11.61	35.35	58.39
0.38	0.40	0.00	0.00	34.64	11.58	35.36	58.42
0.38	0.40	0.00	0.00	34.61	11.58	35.39	58.42
0.38	0.40	0.00	0.00	34.60	11.54	35.40	58.46
0.38	0.40	0.00	0.00	34.63	11.57	35.37	58.43
0.39	0.40	0.00	0.00	34.65	11.53	35.35	58.47
0.39	0.40	0.00	0.00	34.64	11.53	35.36	58.47
0.38	0.40	0.00	0.00	34.59	11.51	35.41	58.49
0.38	0.40	0.00	0.00	34.63	11.53	35.37	58.47
0.38	0.40	0.00	0.00	34.62	11.53	35.38	58.47
0.39	0.40	0.00	0.00	34.64	11.50	35.36	58.50
0.38	0.40	0.00	0.00	34.59	11.50	35.41	58.50
0.39	0.40	0.00	0.00	34.60	11.48	35.40	58.52
0.39	0.40	0.00	0.00	34.64	11.52	35.36	58.48
0.39	0.40	0.00	0.00	34.64	11.46	35.36	58.54
0.39	0.40	0.00	0.00	34.62	11.49	35.38	58.51
0.39	0.40	0.00	0.00	34.57	11.45	35.43	58.55
0.39	0.40	0.00	0.00	34.61	11.49	35.39	58.51
0.39	0.40	0.00	0.00	34.61	11.45	35.39	58.55
0.39	0.40	0.00	0.00	34.64	11.42	35.36	58.58
0.39	0.40	0.00	0.00	34.58	11.44	35.42	58.56
0.39	0.40	0.00	0.00	34.61	11.43	35.39	58.57
0.39	0.40	0.00	0.00	34.63	11.46	35.37	58.54
0.39	0.40	0.00	0.00	34.63	11.41	35.37	58.59
0.39	0.40	0.00	0.00	34.60	11.44	35.40	58.56
0.39	0.40	0.00	0.00	34.59	11.41	35.41	58.59
0.39	0.40	0.00	0.00	34.62	11.45	35.38	58.55
0.39	0.40	0.00	0.00	34.59	11.40	35.41	58.60
0.39	0.40	0.00	0.00	34.60	11.41	35.40	58.59
0.39	0.40	0.00	0.00	34.55	11.39	35.45	58.61
0.39	0.40	0.00	0.00	34.58	11.44	35.42	58.56
0.39	0.40	0.00	0.00	34.56	11.38	35.44	58.62
0.39	0.40	0.00	0.00	34.55	11.41	35.45	58.59
0.39	0.40	0.00	0.00	34.51	11.38	35.49	58.62
0.39	0.40	0.00	0.00	34.56	11.41	35.44	58.59
0.39	0.40	0.00	0.00	34.57	11.40	35.43	58.60
0.39	0.40	0.00	0.00	34.56	11.38	35.44	58.62
0.39	0.40	0.00	0.00	34.53	11.41	35.47	58.59
0.39	0.40	0.00	0.00	34.55	11.41	35.45	58.59
0.39	0.40	0.00	0.00	34.56	11.43	35.44	58.57
0.39	0.40	0.00	0.00	34.58	11.39	35.42	58.61
0.39	0.40	0.00	0.00	34.55	11.42	35.45	58.58
0.39	0.40	0.00	0.00	34.53	11.42	35.47	58.58
0.39	0.40	0.00	0.00	34.58	11.45	35.42	58.55
0.39	0.40	0.00	0.00	34.58	11.44	35.42	58.56
0.39	0.40	0.00	0.00	34.57	11.41	35.43	58.59
0.39	0.40	0.00	0.00	34.55	11.44	35.45	58.56
0.39	0.40	0.00	0.00	34.58	11.45	35.42	58.55
0.39	0.40	0.00	0.00	34.58	11.47	35.42	58.53
0.39	0.40	0.00	0.00	34.57	11.41	35.43	58.59
0.39	0.40	0.00	0.00	34.56	11.46	35.44	58.54
0.39	0.40	0.00	0.00	34.57	11.42	35.43	58.58
0.39	0.40	0.00	0.00	34.59	11.47	35.41	58.53
0.39	0.40	0.00	0.00	34.55	11.40	35.45	58.60
0.39	0.40	0.00	0.00	34.56	11.44	35.44	58.56
0.38	0.40	0.00	0.00	34.52	11.44	35.48	58.56
0.38	0.40	0.00	0.00	34.56	11.47	35.44	58.53
0.38	0.40	0.00	0.00	34.53	11.47	35.47	58.53
0.38	0.40	0.00	0.00	34.52	11.47	35.48	58.53
0.38	0.40	0.00	0.00	34.52	11.50	35.48	58.50
0.38	0.40	0.00	0.00	34.55	11.50	35.45	58.50
0.38	0.40	0.00	0.00	34.54	11.53	35.46	58.47
0.38	0.40	0.00	0.00	34.53	11.51	35.47	58.49
0.38	0.40	0.00	0.00	34.53	11.56	35.47	58.44
0.38	0.40	0.00	0.00	34.53	11.55	35.47	58.45
0.38	0.40	0.00	0.00	34.54	11.59	35.46	58.41
0.38	0.40	0.00	0.00	34.53	11.56	35.47	58.44
0.38	0.40	0.00	0.00	34.53	11.60	35.47	58.40
0.38	0.40	0.00	0.00	34.51	11.61	35.49	58.39
0.38	0.40	0.00	0.00	34.54	11.64	35.46	58.36
0.38	0.40	0.00	0.00	34.52	11.66	35.48	58.34
0.38	0.40	0.00	0.00	34.50	11.67	35.50	58.33
0.38	0.40	0.00	0.00	34.52	11.67	35.48	58.33
0.38	0.40	0.00	0.00	34.54	11.71	35.46	58.29
0.38	0.40	0.00	0.00	34.55	11.70	35.45	58.30
0.38	0.40	0.00	0.00	34.52	11.74	35.48	58.26
0.38	0.40	0.00	0.00	34.54	11.70	35.46	58.30
0.38	0.40	0.00	0.00	34.55	11.75	35.45	58.25
0.38	0.40	0.00	0.00	34.56	11.71	35.44	58.29
0.38	0.39	0.00	0.00	34.55	11.75	35.45	58.25
0.38	0.40	0.00	0.00	34.51	11.73	35.49	58.27
0.38	0.39	0.00	0.00	34.53	11.80	35.47	58.20
0.38	0.39	0.00	0.00	34.53	11.79	35.47	58.21
0.38	0.39	0.00	0.00	34.51	11.84	35.49	58.16
0.38	0.40	0.00	0.00	34.49	11.81	35.51	58.19
0.38	0.39	0.00	0.00	34.51	11.85	35.49	58.15
0.38	0.39	0.00	0.00	34.54	11.84	35.46	58.16
0.38	0.39	0.00	0.00	34.52	11.86	35.48	58.14
0.38	0.39	0.00	0.00	34.52	11.89	35.48	58.11
0.38	0.39	0.00	0.00	34.50	11.91	35.50	58.09
0.38	0.39	0.00	0.00	34.53	11.96	35.47	58.04
0.38	0.39	0.00	0.00	34.53	11.96	35.47	58.04
0.38	0.39	0.00	0.00	34.52	12.01	35.48	57.99
0.37	0.39	0.00	0.00	34.49	12.02	35.51	57.98
0.37	0.39	0.00	0.00	34.52	12.07	35.48	57.93
0.37	0.39	0.00	0.00	34.54	12.08	35.46	57.92
0.37	0.39	0.00	0.00	34.52	12.11	35.48	57.89
0.37	0.39	0.00	0.00	34.50	12.15	35.50	57.85
0.37	0.39	0.00	0.00	34.51	12.14	35.49	57.86
0.37	0.39	0.00	0.00	34.53	12.20	35.47	57.80
0.37	0.39	0.00	0.00	34.51	12.13	35.49	57.87
0.37	0.39	0.00	0.00	34.51	12.21	35.49	57.79
0.37	0.39	0.00	0.00	34.47	12.18	35.53	57.82
0.37	0.39	0.00	0.00	34.51	12.25	35.49	57.75
0.37	0.39	0.00	0.00	34.47	12.24	35.53	57.76
0.37	0.39	0.00	0.00	34.47	12.29	35.53	57.71
0.37	0.39	0.00	0.00	34.43	12.31	35.57	57.69
0.37	0.39	0.00	0.00	34.46	12.35	35.54	57.65
0.37	0.39	0.00	0.00	34.48	12.39	35.52	57.61
0.37	0.39	0.00	0.00	34.46	12.41	35.54	57.59
0.37	0.38	0.00	0.00	34.44	12.46	35.56	57.54
0.37	0.38	0.00	0.00	34.45	12.47	35.55	57.53
0.37	0.38	0.00	0.00	34.49	12.54	35.51	57.46
0.37	0.38	0.00	0.00	34.45	12.52	35.55	57.48
0.36	0.38	0.00	0.00	34.45	12.59	35.55	57.41
0.36	0.38	0.00	0.00	34.40	12.56	35.60	57.44
0.36	0.38	0.00	0.00	34.43	12.61	35.57	57.39
0.36	0.38	0.00	0.00	34.40	12.64	35.60	57.36
0.36	0.38	0.00	0.00	34.40	12.68	35.60	57.32
0.36	0.38	0.00	0.00	34.39	12.73	35.61	57.27
0.36	0.38	0.00	0.00	34.43	12.78	35.57	57.22
0.36	0.38	0.00	0.00	34.42	12.81	35.58	57.19
0.36	0.38	0.00	0.00	34.41	12.81	35.59	57.19
0.36	0.38	0.00	0.00	34.38	12.89	35.62	57.11
0.36	0.38	0.00	0.00	34.47	12.88	35.53	57.12
0.36	0.38	0.00	0.00	34.47	12.95	35.53	57.05
0.36	0.38	0.00	0.00	34.41	12.90	35.59	57.10
0.36	0.38	0.00	0.00	34.41	12.99	35.59	57.01
0.36	0.38	0.00	0.00	34.41	12.92	35.59	57.08
0.36	0.38	0.00	0.00	34.46	13.01	35.54	56.99
0.36	0.38	0.00	0.00	34.38	12.96	35.62	57.04
0.36	0.38	0.00	0.00	34.37	13.03	35.63	56.97
0.35	0.38	0.00	0.00	34.33	13.03	35.67	56.97
0.35	0.37	0.00	0.00	34.41	13.11	35.59	56.89
0.35	0.38	0.00	0.00	34.36	13.13	35.64	56.87
0.35	0.37	0.00	0.00	34.36	13.16	35.64	56.84
0.35	0.37	0.00	0.00	34.31	13.23	35.69	56.77
0.35	0.37	0.00	0.00	34.36	13.28	35.64	56.72
0.35	0.37	0.00	0.00	34.40	13.33	35.60	56.67
0.35	0.37	0.00	0.00	34.37	13.35	35.63	56.65
0.35	0.37	0.00	0.00	34.34	13.42	35.66	56.58
0.35	0.37	0.00	0.00	34.35	13.46	35.65	56.54
0.35	0.37	0.00	0.00	34.41	13.51	35.59	56.49
0.35	0.37	0.00	0.00	34.37	13.55	35.63	56.45
0.35	0.37	0.00	0.00	34.34	13.59	35.66	56.41
0.34	0.37	0.00	0.00	34.33	13.67	35.67	56.33
0.34	0.36	0.00	0.00	34.39	13.72	35.61	56.28
0.34	0.36	0.00	0.00	34.38	13.77	35.62	56.23
0.34	0.36	0.00	0.00	34.35	13.80	35.65	56.20
0.34	0.36	0.00	0.00	34.31	13.87	35.69	56.13
0.34	0.36	0.00	0.00	34.34	13.93	35.66	56.07
0.34	0.36	0.00	0.00	34.40	13.95	35.60	56.05
0.34	0.36	0.00	0.00	34.37	13.99	35.63	56.01
0.34	0.36	0.00	0.00	34.32	14.03	35.68	55.97
0.34	0.36	0.00	0.00	34.32	14.13	35.68	55.87
0.34	0.36	0.00	0.00	34.41	14.16	35.59	55.84
0.34	0.36	0.00	0.00	34.40	14.22	35.60	55.78
0.34	0.36	0.00	0.00	34.35	14.24	35.65	55.76
0.33	0.36	0.00	0.00	34.33	14.33	35.67	55.67
0.33	0.35	0.00	0.00	34.42	14.36	35.58	55.64
0.33	0.35	0.00	0.00	34.44	14.42	35.56	55.58
0.33	0.35	0.00	0.00	34.40	14.43	35.60	55.57
0.33	0.35	0.00	0.00	34.36	14.52	35.64	55.48
0.33	0.35	0.00	0.00	34.38	14.59	35.62	55.41
0.33	0.35	0.00	0.00	34.46	14.64	35.54	55.36
0.33	0.35	0.00	0.00	34.43	14.67	35.57	55.33
0.33	0.35	0.00	0.00	34.38	14.74	35.62	55.26
0.33	0.35	0.00	0.00	34.43	14.81	35.57	55.19
0.33	0.34	0.00	0.00	34.45	14.89	35.55	55.11
0.33	0.34	0.00	0.00	34.47	14.92	35.53	55.08
0.32	0.34	0.00	0.00	34.43	14.98	35.57	55.02
0.32	0.34	0.00	0.00	34.41	15.03	35.59	54.97
0.32	0.34	0.00	0.00	34.44	15.12	35.56	54.88
0.32	0.34	0.00	0.00	34.54	15.11	35.46	54.89
0.32	0.34	0.00	0.00	34.51	15.18	35.49	54.82
0.32	0.34	0.00	0.00	34.44	15.19	35.56	54.81
0.32	0.34	0.00	0.00	34.45	15.29	35.55	54.71
0.32	0.34	0.00	0.00	34.54	15.28	35.46	54.72
0.32	0.33	0.00	0.00	34.54	15.36	35.46	54.64
0.32	0.34	0.00	0.00	34.42	15.40	35.58	54.60
0.32	0.33	0.00	0.00	34.46	15.50	35.54	54.50
0.32	0.33	0.00	0.00	34.49	15.55	35.51	54.45
0.31	0.33	0.00	0.00	34.51	15.61	35.49	54.39
0.31	0.33	0.00	0.00	34.44	15.67	35.56	54.33
0.31	0.33	0.00	0.00	34.43	15.78	35.57	54.22
0.31	0.33	0.00	0.00	34.47	15.87	35.53	54.13
0.31	0.33	0.00	0.00	34.47	15.92	35.53	54.08
0.31	0.33	0.00	0.00	34.46	15.98	35.54	54.02
0.31	0.33	0.00	0.00	34.39	16.05	35.61	53.95
0.30	0.32	0.00	0.00	34.43	16.16	35.57	53.84
0.30	0.32	0.00	0.00	34.45	16.22	35.55	53.78
0.30	0.32	0.00	0.00	34.46	16.27	35.54	53.73
0.30	0.32	0.00	0.00	34.39	16.35	35.61	53.65
0.30	0.32	0.00	0.00	34.40	16.45	35.60	53.55
0.30	0.32	0.00	0.00	34.45	16.55	35.55	53.45
0.30	0.32	0.00	0.00	34.46	16.58	35.54	53.42
0.30	0.32	0.00	0.00	34.42	16.66	35.58	53.34
0.29	0.31	0.00	0.00	34.38	16.74	35.62	53.26
0.29	0.31	0.00	0.00	34.43	16.85	35.57	53.15
0.29	0.31	0.00	0.00	34.43	16.90	35.57	53.10
0.29	0.31	0.00	0.00	34.42	16.97	35.58	53.03
0.29	0.31	0.00	0.00	34.36	17.04	35.64	52.96
0.29	0.31	0.00	0.00	34.41	17.16	35.59	52.84
0.29	0.31	0.00	0.00	34.39	17.16	35.61	52.84
0.29	0.31	0.00	0.00	34.38	17.24	35.62	52.76
0.28	0.31	0.00	0.00	34.30	17.32	35.70	52.68
0.28	0.30	0.00	0.00	34.36	17.44	35.64	52.56
0.28	0.30	0.00	0.00	34.35	17.51	35.65	52.49
0.28	0.30	0.00	0.00	34.36	17.56	35.64	52.44
0.28	0.30	0.00	0.00	34.29	17.65	35.71	52.35
0.28	0.30	0.00	0.00	34.35	17.74	35.65	52.26
0.28	0.30	0.00	0.00	34.37	17.85	35.63	52.15
0.27	0.30	0.00	0.00	34.37	17.92	35.63	52.08
0.27	0.29	0.00	0.00	34.34	18.01	35.66	51.99
0.27	0.29	0.00	0.00	34.32	18.10	35.68	51.90
0.27	0.29	0.00	0.00	34.37	18.21	35.63	51.79
0.27	0.29	0.00	0.00	34.37	18.26	35.63	51.74
0.27	0.29	0.00	0.00	34.34	18.34	35.66	51.66
0.26	0.29	0.00	0.00	34.33	18.44	35.67	51.56
0.26	0.28	0.00	0.00	34.38	18.56	35.62	51.44
0.26	0.28	0.00	0.00	34.37	18.64	35.63	51.36
0.26	0.28	0.00	0.00	34.37	18.69	35.63	51.31
0.26	0.28	0.00	0.00	34.34	18.82	35.66	51.18
0.26	0.28	0.00	0.00	34.37	18.91	35.63	51.09
0.26	0.28	0.00	0.00	34.40	19.02	35.60	50.98
0.26	0.28	0.00	0.00	34.36	19.02	35.64	50.98
0.25	0.28	0.00	0.00	34.35	19.12	35.65	50.88
0.25	0.27	0.00	0.00	34.33	19.20	35.67	50.80
0.25	0.27	0.00	0.00	34.36	19.32	35.64	50.68
0.25	0.27	0.00	0.00	34.33	19.40	35.67	50.60
0.25	0.27	0.00	0.00	34.31	19.49	35.69	50.51
0.24	0.27	0.00	0.00	34.28	19.58	35.72	50.42
0.24	0.27	0.00	0.00	34.32	19.68	35.68	50.32
0.24	0.27	0.00	0.00	34.31	19.79	35.69	50.21
0.24	0.26	0.00	0.00	34.29	19.85	35.71	50.15
0.24	0.26	0.00	0.00	34.26	19.98	35.74	50.02
0.24	0.26	0.00	0.00	34.29	20.07	35.71	49.93
0.24	0.26	0.00	0.00	34.29	20.17	35.71	49.83
0.23	0.26	0.00	0.00	34.27	20.25	35.73	49.75
0.23	0.26	0.00	0.00	34.25	20.37	35.75	49.63
0.23	0.25	0.00	0.00	34.26	20.50	35.74	49.50
0.23	0.25	0.00	0.00	34.29	20.59	35.71	49.41
0.23	0.25	0.00	0.00	34.26	20.67	35.74	49.33
0.22	0.25	0.00	0.00	34.24	20.75	35.76	49.25
0.22	0.25	0.00	0.00	34.26	20.88	35.74	49.12
0.22	0.25	0.00	0.00	34.29	20.98	35.71	49.02
0.22	0.24	0.00	0.00	34.27	21.06	35.73	48.94
0.22	0.24	0.00	0.00	34.24	21.15	35.76	48.85
0.22	0.24	0.00	0.00	34.23	21.29	35.77	48.71
0.21	0.24	0.00	0.00	34.26	21.40	35.74	48.60
0.21	0.24	0.00	0.00	34.25	21.48	35.75	48.52
0.21	0.24	0.00	0.00	34.23	21.56	35.77	48.44
0.21	0.24	0.00	0.00	34.17	21.68	35.83	48.32
0.21	0.23	0.00	0.00	34.21	21.79	35.79	48.21
0.21	0.23	0.00	0.00	34.20	21.87	35.80	48.13
0.20	0.23	0.00	0.00	34.20	21.96	35.80	48.04
0.20	0.23	0.00	0.00	34.14	22.04	35.86	47.96
0.20	0.23	0.00	0.00	34.20	22.16	35.80	47.84
0.20	0.22	0.00	0.00	34.23	22.28	35.77	47.72
0.20	0.22	0.00	0.00	34.21	22.35	35.79	47.65
0.20	0.22	0.00	0.00	34.17	22.44	35.83	47.56
0.19	0.22	0.00	0.00	34.17	22.55	35.83	47.45
0.19	0.22	0.00	0.00	34.21	22.66	35.79	47.34
0.19	0.22	0.00	0.00	34.20	22.73	35.80	47.27
0.19	0.22	0.00	0.00	34.19	22.83	35.81	47.17
0.19	0.22	0.00	0.00	34.16	22.92	35.84	47.08
0.19	0.21	0.00	0.00	34.22	23.04	35.78	46.96
0.19	0.21	0.00	0.00	34.22	23.12	35.78	46.88
0.18	0.21	0.00	0.00	34.18	23.20	35.82	46.80
0.18	0.21	0.00	0.00	34.16	23.31	35.84	46.69
0.18	0.21	0.00	0.00	34.20	23.42	35.80	46.58
0.18	0.20	0.00	0.00	34.24	23.53	35.76	46.47
0.18	0.20	0.00	0.00	34.21	23.56	35.79	46.44
0.18	0.20	0.00	0.00	34.17	23.65	35.83	46.35
0.17	0.20	0.00	0.00	34.19	23.78	35.81	46.22
0.17	0.20	0.00	0.00	34.25	23.91	35.75	46.09
0.17	0.20	0.00	0.00	34.24	23.98	35.76	46.02
0.17	0.20	0.00	0.00	34.20	24.05	35.80	45.95
0.17	0.19	0.00	0.00	34.18	24.16	35.82	45.84
0.17	0.19	0.00	0.00	34.24	24.28	35.76	45.72
0.17	0.19	0.00	0.00	34.27	24.36	35.73	45.64
0.16	0.19	0.00	0.00	34.23	24.41	35.77	45.59
0.16	0.19	0.00	0.00	34.21	24.52	35.79	45.48
0.16	0.19	0.00	0.00	34.21	24.60	35.79	45.40
0.16	0.18	0.00	0.00	34.27	24.71	35.73	45.29
0.16	0.18	0.00	0.00	34.25	24.76	35.75	45.24
0.16	0.18	0.00	0.00	34.19	24.85	35.81	45.15
0.15	0.18	0.00	0.00	34.19	24.97	35.81	45.03
0.15	0.18	0.00	0.00	34.24	25.05	35.76	44.95
0.15	0.18	0.00	0.00	34.19	25.11	35.81	44.89
0.15	0.18	0.00	0.00	34.17	25.19	35.83	44.81
0.15	0.18	0.00	0.00	34.17	25.31	35.83	44.69
0.15	0.17	0.00	0.00	34.22	25.41	35.78	44.59
0.15	0.17	0.00	0.00	34.21	25.47	35.79	44.53
0.14	0.17	0.00	0.00	34.17	25.52	35.83	44.48
0.14	0.17	0.00	0.00	34.17	25.67	35.83	44.33
0.14	0.17	0.00	0.00	34.22	25.74	35.78	44.26
0.14	0.17	0.00	0.00	34.24	25.78	35.76	44.22
0.14	0.17	0.00	0.00	34.22	25.82	35.78	44.18
0.14	0.17	0.00	0.00	34.17	25.92	35.83	44.08
0.14	0.16	0.00	0.00	34.20	26.01	35.80	43.99
0.14	0.16	0.00	0.00	34.26	26.04	35.74	43.96
0.14	0.16	0.00	0.00	34.25	26.10	35.75	43.90
0.13	0.16	0.00	0.00	34.13	26.11	35.87	43.89
0.13	0.16	0.00	0.00	34.12	26.18	35.88	43.82
0.13	0.16	0.00	0.00	34.12	26.25	35.88	43.75
0.13	0.16	0.00	0.00	34.17	26.28	35.83	43.72
0.13	0.16	0.00	0.00	34.15	26.33	35.85	43.67
0.13	0.16	0.00	0.00	34.16	26.43	35.84	43.57
0.13	0.15	0.00	0.00	34.21	26.50	35.79	43.50
0.13	0.15	0.00	0.00	34.27	26.57	35.73	43.43
0.13	0.15	0.00	0.00	34.27	26.64	35.73	43.36
0.13	0.15	0.00	0.00	34.25	26.73	35.75	43.27
0.12	0.15	0.00	0.00	34.26	26.80	35.74	43.20
0.12	0.15	0.00	0.00	34.26	26.86	35.74	43.14
0.12	0.15	0.00	0.00	34.26	26.92	35.74	43.08
0.12	0.15	0.00	0.00	34.22	26.97	35.78	43.03
0.12	0.15	0.00	0.00	34.22	27.07	35.78	42.93
0.12	0.14	0.00	0.00	34.25	27.13	35.75	42.87
0.12	0.14	0.00	0.00	34.25	27.19	35.75	42.81
0.12	0.14	0.00	0.00	34.17	27.25	35.83	42.75
0.11	0.14	0.00	0.00	34.13	27.33	35.87	42.67
0.11	0.14	0.00	0.00	34.11	27.39	35.89	42.61
0.11	0.14	0.00	0.00	34.07	27.44	35.93	42.56
0.11	0.14	0.00	0.00	34.05	27.50	35.95	42.50
0.11	0.14	0.00	0.00	33.99	27.60	36.01	42.40
0.11	0.14	0.00	0.00	34.02	27.71	35.98	42.29
0.10	0.14	0.00	0.00	34.03	27.79	35.97	42.21
0.10	0.13	0.00	0.00	34.06	27.90	35.94	42.10
0.10	0.13	0.00	0.00	34.01	27.99	35.99	42.01
0.10	0.13	0.00	0.00	34.01	28.10	35.99	41.90
0.10	0.13	0.00	0.00	34.02	28.21	35.98	41.79
0.10	0.13	0.00	0.00	33.98	28.24	36.02	41.76
0.09	0.13	0.00	0.00	33.97	28.34	36.03	41.66
0.09	0.13	0.00	0.00	33.92	28.49	36.08	41.51
0.09	0.12	0.00	0.00	33.95	28.60	36.05	41.40
0.09	0.12	0.00	0.00	33.93	28.72	36.07	41.28
0.09	0.12	0.00	0.00	33.91	28.78	36.09	41.22
0.08	0.12	0.00	0.00	33.95	28.88	36.05	41.12
0.08	0.12	0.00	0.00	33.97	28.92	36.03	41.08
0.08	0.12	0.00	0.00	33.98	28.98	36.02	41.02
0.08	0.12	0.00	0.00	33.98	29.04	36.02	40.96
0.08	0.12	0.00	0.00	33.96	29.10	36.04	40.90
0.08	0.11	0.00	0.00	34.00	29.24	36.00	40.76
0.08	0.11	0.00	0.00	34.04	29.31	35.96	40.69
0.08	0.11	0.00	0.00	34.02	29.37	35.98	40.63
0.08	0.11	0.00	0.00	34.03	29.45	35.97	40.55
0.08	0.11	0.00	0.00	34.04	29.52	35.96	40.48
0.07	0.11	0.00	0.00	34.07	29.60	35.93	40.40
0.07	0.10	0.00	0.00	34.08	29.71	35.92	40.29
0.07	0.10	0.00	0.00	34.08	29.78	35.92	40.22
0.07	0.10	0.00	0.00	34.12	29.90	35.88	40.10
0.07	0.10	0.00	0.00	34.15	29.96	35.85	40.04
0.07	0.10	0.00	0.00	34.18	30.06	35.82	39.94
0.07	0.09	0.00	0.00	34.19	30.13	35.81	39.87
0.07	0.09	0.00	0.00	34.20	30.28	35.80	39.72
0.06	0.09	0.00	0.00	34.24	30.36	35.76	39.64
0.06	0.09	0.00	0.00	34.24	30.45	35.76	39.55
0.06	0.09	0.00	0.00	34.25	30.52	35.75	39.48
0.06	0.09	0.00	0.00	34.18	30.60	35.82	39.40
0.06	0.09	0.00	0.00	34.19	30.69	35.81	39.31
0.06	0.08	0.00	0.00	34.19	30.78	35.81	39.22
0.06	0.08	0.00	0.00	34.17	30.87	35.83	39.13
0.05	0.08	0.00	0.00	34.12	30.97	35.88	39.03
0.05	0.08	0.00	0.00	34.12	31.08	35.88	38.92
0.05	0.08	0.00	0.00	34.14	31.18	35.86	38.82
0.05	0.08	0.00	0.00	34.11	31.24	35.89	38.76
0.05	0.08	0.00	0.00	34.10	31.35	35.90	38.65
0.04	0.07	0.00	0.00	34.08	31.46	35.92	38.54
0.04	0.07	0.00	0.00	34.11	31.57	35.89	38.43
0.04	0.07	0.00	0.00	34.10	31.65	35.90	38.35
0.04	0.07	0.00	0.00	34.07	31.77	35.93	38.23
0.04	0.07	0.00	0.00	34.03	31.88	35.97	38.12
0.03	0.07	0.00	0.00	34.06	32.01	35.94	37.99
0.03	0.06	0.00	0.00	34.02	32.09	35.98	37.91
0.03	0.06	0.00	0.00	33.98	32.21	36.02	37.79
0.03	0.06	0.00	0.00	33.95	32.33	36.05	37.67
0.03	0.06	0.00	0.00	33.97	32.44	36.03	37.56
0.02	0.06	0.00	0.00	33.94	32.54	36.06	37.46
0.02	0.06	0.00	0.00	33.93	32.64	36.07	37.36
0.02	0.06	0.00	0.00	33.87	32.76	36.13	37.24
0.02	0.05	0.00	0.00	33.89	32.85	36.11	37.15
0.02	0.05	0.00	0.00	33.93	32.96	36.07	37.04
0.01	0.05	0.00	0.00	33.91	33.05	36.09	36.95
0.01	0.05	0.00	0.00	33.87	33.21	36.13	36.79
0.01	0.05	0.00	0.00	33.87	33.31	36.13	36.69
0.01	0.04	0.00	0.00	33.94	33.45	36.06	36.55
0.01	0.04	0.00	0.00	33.93	33.52	36.07	36.48
0.00	0.04	0.00	0.00	33.89	33.63	36.11	36.37
0.00	0.04	0.00	0.00	33.89	33.77	36.11	36.23
0.00	0.04	0.00	0.00	33.93	33.86	36.07	36.14
-0.00	0.03	0.00	0.00	33.95	33.98	36.05	36.02
-0.00	0.03	0.00	0.00	33.92	34.06	36.08	35.94
-0.01	0.03	0.00	0.00	33.91	34.25	36.09	35.75
-0.01	0.03	0.00	0.00	33.94	34.33	36.06	35.67
-0.01	0.02	0.00	0.00	34.02	34.54	35.98	35.46
-0.01	0.02	0.00	0.00	34.02	34.58	35.98	35.42
-0.01	0.02	0.00	0.00	33.94	34.78	36.06	35.22
-0.02	0.02	0.00	0.00	33.95	34.86	36.05	35.14
-0.02	0.02	0.00	0.00	34.07	34.99	35.93	35.01
-0.02	0.01	0.00	0.00	34.08	35.07	35.92	34.93
-0.02	0.01	0.00	0.00	34.01	35.22	35.99	34.78
-0.02	0.01	0.00	0.00	34.01	35.34	35.99	34.66
-0.02	0.01	0.00	0.00	34.08	35.46	35.92	34.54
-0.02	0.01	0.00	0.00	34.13	35.55	35.87	34.45
-0.03	0.00	0.00	0.00	34.11	35.64	35.89	34.36
-0.03	0.00	0.00	0.00	34.10	35.75	35.90	34.25
-0.03	0.00	0.00	0.00	34.14	35.85	35.86	34.15
-0.03	-0.00	0.00	0.00	34.16	35.93	35.84	34.07
-0.03	-0.00	0.00	0.00	34.19	36.02	35.81	33.98
-0.03	-0.00	0.00	0.00	34.14	36.10	35.86	33.90
-0.03	-0.01	0.00	0.00	34.19	36.27	35.81	33.73
-0.04	-0.01	0.00	0.00	34.21	36.33	35.79	33.67
-0.04	-0.01	0.00	0.00	34.27	36.47	35.73	33.53
-0.04	-0.01	0.00	0.00	34.23	36.55	35.77	33.45
-0.04	-0.01	0.00	0.00	34.25	36.62	35.75	33.38
-0.04	-0.02	0.00	0.00	34.28	36.71	35.72	33.29
-0.04	-0.02	0.00	0.00	34.28	36.77	35.72	33.23
-0.04	-0.02	0.00	0.00	34.27	36.88	35.73	33.12
-0.05	-0.02	0.00	0.00	34.25	36.97	35.75	33.03
-0.05	-0.02	0.00	0.00	34.28	37.08	35.72	32.92
-0.05	-0.02	0.00	0.00	34.28	37.15	35.72	32.85
-0.05	-0.03	0.00	0.00	34.28	37.28	35.72	32.72
-0.05	-0.03	0.00	0.00	34.25	37.37	35.75	32.63
-0.05	-0.03	0.00	0.00	34.26	37.47	35.74	32.53
-0.05	-0.03	0.00	0.00	34.29	37.53	35.71	32.47
-0.06	-0.03	0.00	0.00	34.27	37.59	35.73	32.41
-0.06	-0.03	0.00	0.00	34.24	37.66	35.76	32.34
-0.06	-0.03	0.00	0.00	34.21	37.74	35.79	32.26
-0.06	-0.03	0.00	0.00	34.23	37.83	35.77	32.17
-0.06	-0.04	0.00	0.00	34.22	37.91	35.78	32.09
-0.06	-0.04	0.00	0.00	34.20	37.97	35.80	32.03
-0.06	-0.04	0.00	0.00	34.18	38.06	35.82	31.94
-0.07	-0.04	0.00	0.00	34.17	38.11	35.83	31.89
-0.07	-0.04	0.00	0.00	34.18	38.19	35.82	31.81
-0.07	-0.04	0.00	0.00	34.15	38.26	35.85	31.74
-0.07	-0.04	0.00	0.00	34.14	38.38	35.86	31.62
-0.07	-0.04	0.00	0.00	34.15	38.44	35.85	31.56
-0.07	-0.04	0.00	0.00	34.14	38.54	35.86	31.46
-0.07	-0.05	0.00	0.00	34.13	38.58	35.87	31.42
-0.08	-0.05	0.00	0.00	34.11	38.69	35.89	31.31
-0.08	-0.05	0.00	0.00	34.12	38.76	35.88	31.24
-0.08	-0.05	0.00	0.00	34.12	38.83	35.88	31.17
-0.08	-0.05	0.00	0.00	34.12	38.91	35.88	31.09
-0.08	-0.05	0.00	0.00	34.09	38.95	35.91	31.05
-0.08	-0.05	0.00	0.00	34.12	39.06	35.88	30.94
-0.08	-0.05	0.00	0.00	34.13	39.09	35.87	30.91
-0.08	-0.06	0.00	0.00	34.12	39.18	35.88	30.82
-0.09	-0.06	0.00	0.00	34.11	39.24	35.89	30.76
-0.09	-0.06	0.00	0.00	34.10	39.35	35.90	30.65
-0.09	-0.06	0.00	0.00	34.13	39.41	35.87	30.59
-0.09	-0.06	0.00	0.00	34.14	39.49	35.86	30.51
-0.09	-0.06	0.00	0.00	34.12	39.53	35.88	30.47
-0.09	-0.06	0.00	0.00	34.11	39.64	35.89	30.36
-0.09	-0.06	0.00	0.00	34.14	39.70	35.86	30.30
-0.09	-0.06	0.00	0.00	34.14	39.76	35.86	30.24
-0.10	-0.07	0.00	0.00	34.12	39.83	35.88	30.17
-0.10	-0.07	0.00	0.00	34.10	39.92	35.90	30.08
-0.10	-0.07	0.00	0.00	34.14	40.01	35.86	29.99
-0.10	-0.07	0.00	0.00	34.17	40.07	35.83	29.93
-0.10	-0.07	0.00	0.00	34.16	40.09	35.84	29.91
-0.10	-0.07	0.00	0.00	34.14	40.17	35.86	29.83
-0.10	-0.07	0.00	0.00	34.18	40.25	35.82	29.75
-0.10	-0.07	0.00	0.00	34.20	40.29	35.80	29.71
-0.10	-0.08	0.00	0.00	34.17	40.33	35.83	29.67
-0.10	-0.08	0.00	0.00	34.14	40.40	35.86	29.60
-0.11	-0.08	0.00	0.00	34.18	40.50	35.82	29.50
-0.11	-0.08	0.00	0.00	34.23	40.54	35.77	29.46
-0.11	-0.08	0.00	0.00	34.22	40.63	35.78	29.37
-0.11	-0.08	0.00	0.00	34.20	40.71	35.80	29.29
-0.11	-0.08	0.00	0.00	34.18	40.80	35.82	29.20
-0.11	-0.09	0.00	0.00	34.23	40.87	35.77	29.13
-0.11	-0.09	0.00	0.00	34.22	40.89	35.78	29.11
-0.11	-0.09	0.00	0.00	34.19	40.97	35.81	29.03
-0.11	-0.09	0.00	0.00	34.17	41.05	35.83	28.95
-0.12	-0.09	0.00	0.00	34.19	41.11	35.81	28.89
-0.12	-0.09	0.00	0.00	34.22	41.21	35.78	28.79
-0.12	-0.09	0.00	0.00	34.19	41.24	35.81	28.76
-0.12	-0.09	0.00	0.00	34.15	41.36	35.85	28.64
-0.12	-0.09	0.00	0.00	34.15	41.40	35.85	28.60
-0.12	-0.10	0.00	0.00	34.22	41.56	35.78	28.44
-0.12	-0.10	0.00	0.00	34.21	41.58	35.79	28.42
-0.13	-0.10	0.00	0.00	34.13	41.69	35.87	28.31
-0.13	-0.10	0.00	0.00	34.14	41.74	35.86	28.26
-0.13	-0.10	0.00	0.00	34.17	41.83	35.83	28.17
-0.13	-0.10	0.00	0.00	34.17	41.88	35.83	28.12
-0.13	-0.10	0.00	0.00	34.11	41.97	35.89	28.03
-0.13	-0.10	0.00	0.00	34.09	42.05	35.91	27.95
-0.13	-0.10	0.00	0.00	34.11	42.13	35.89	27.87
-0.13	-0.11	0.00	0.00	34.12	42.19	35.88	27.81
-0.14	-0.11	0.00	0.00	34.09	42.24	35.91	27.76
-0.14	-0.11	0.00	0.00	34.06	42.36	35.94	27.64
-0.14	-0.11	0.00	0.00	34.07	42.42	35.93	27.58
-0.14	-0.11	0.00	0.00	34.10	42.49	35.90	27.51
-0.14	-0.11	0.00	0.00	34.11	42.56	35.89	27.44
-0.14	-0.11	0.00	0.00	34.05	42.60	35.95	27.40
-0.14	-0.11	0.00	0.00	34.07	42.71	35.93	27.29
-0.14	-0.11	0.00	0.00	34.11	42.78	35.89	27.22
-0.15	-0.12	0.00	0.00	34.13	42.87	35.87	27.13
-0.15	-0.12	0.00	0.00	34.10	42.93	35.90	27.07
-0.15	-0.12	0.00	0.00	34.08	43.02	35.92	26.98
-0.15	-0.12	0.00	0.00	34.14	43.10	35.86	26.90
-0.15	-0.12	0.00	0.00	34.14	43.15	35.86	26.85
-0.15	-0.12	0.00	0.00	34.12	43.24	35.88	26.76
-0.15	-0.12	0.00	0.00	34.08	43.31	35.92	26.69
-0.15	-0.13	0.00	0.00	34.12	43.40	35.88	26.60
-0.16	-0.13	0.00	0.00	34.15	43.47	35.85	26.53
-0.16	-0.13	0.00	0.00	34.19	43.57	35.81	26.43
-0.16	-0.13	0.00	0.00	34.15	43.63	35.85	26.37
-0.16	-0.13	0.00	0.00	34.14	43.75	35.86	26.25
-0.16	-0.13	0.00	0.00	34.16	43.81	35.84	26.19
-0.16	-0.13	0.00	0.00	34.19	43.89	35.81	26.11
-0.16	-0.14	0.00	0.00	34.18	43.97	35.82	26.03
-0.16	-0.14	0.00	0.00	34.19	44.07	35.81	25.93
-0.17	-0.14	0.00	0.00	34.22	44.17	35.78	25.83
-0.17	-0.14	0.00	0.00	34.26	44.22	35.74	25.78
-0.17	-0.14	0.00	0.00	34.23	44.29	35.77	25.71
-0.17	-0.14	0.00	0.00	34.21	44.33	35.79	25.67
-0.17	-0.14	0.00	0.00	34.22	44.43	35.78	25.57
-0.17	-0.15	0.00	0.00	34.25	44.50	35.75	25.50
-0.17	-0.15	0.00	0.00	34.23	44.59	35.77	25.41
-0.17	-0.15	0.00	0.00	34.23	44.68	35.77	25.32
-0.18	-0.15	0.00	0.00	34.21	44.78	35.79	25.22
-0.18	-0.15	0.00	0.00	34.23	44.83	35.77	25.17
-0.18	-0.15	0.00	0.00	34.24	44.90	35.76	25.10
-0.18	-0.15	0.00	0.00	34.22	44.98	35.78	25.02
-0.18	-0.16	0.00	0.00	34.22	45.08	35.78	24.92
-0.18	-0.16	0.00	0.00	34.23	45.16	35.77	24.84
-0.18	-0.16	0.00	0.00	34.22	45.23	35.78	24.77
-0.18	-0.16	0.00	0.00	34.23	45.30	35.77	24.70
-0.19	-0.16	0.00	0.00	34.21	45.39	35.79	24.61
-0.19	-0.16	0.00	0.00	34.22	45.45	35.78	24.55
-0.19	-0.16	0.00	0.00	34.22	45.53	35.78	24.47
-0.19	-0.16	0.00	0.00	34.21	45.57	35.79	24.43
-0.19	-0.17	0.00	0.00	34.20	45.71	35.80	24.29
-0.19	-0.17	0.00	0.00	34.20	45.76	35.80	24.24
-0.19	-0.17	0.00	0.00	34.20	45.88	35.80	24.12
-0.20	-0.17	0.00	0.00	34.18	45.93	35.82	24.07
-0.20	-0.17	0.00	0.00	34.16	46.05	35.84	23.95
-0.20	-0.17	0.00	0.00	34.16	46.11	35.84	23.89
-0.20	-0.17	0.00	0.00	34.15	46.21	35.85	23.79
-0.20	-0.17	0.00	0.00	34.15	46.26	35.85	23.74
-0.20	-0.17	0.00	0.00	34.13	46.37	35.87	23.63
-0.21	-0.18	0.00	0.00	34.14	46.44	35.86	23.56
-0.21	-0.18	0.00	0.00	34.15	46.51	35.85	23.49
-0.21	-0.18	0.00	0.00	34.13	46.56	35.87	23.44
-0.21	-0.18	0.00	0.00	34.13	46.64	35.87	23.36
-0.21	-0.18	0.00	0.00	34.13	46.69	35.87	23.31
-0.21	-0.18	0.00	0.00	34.13	46.77	35.87	23.23
-0.21	-0.18	0.00	0.00	34.14	46.80	35.86	23.20
-0.21	-0.18	0.00	0.00	34.15	46.87	35.85	23.13
-0.21	-0.18	0.00	0.00	34.15	46.94	35.85	23.06
-0.21	-0.19	0.00	0.00	34.18	47.03	35.82	22.97
-0.21	-0.19	0.00	0.00	34.17	47.05	35.83	22.95
-0.22	-0.19	0.00	0.00	34.16	47.11	35.84	22.89
-0.22	-0.19	0.00	0.00	34.17	47.16	35.83	22.84
-0.22	-0.19	0.00	0.00	34.19	47.25	35.81	22.75
-0.22	-0.19	0.00	0.00	34.21	47.29	35.79	22.71
-0.22	-0.19	0.00	0.00	34.17	47.36	35.83	22.64
-0.22	-0.19	0.00	0.00	34.18	47.40	35.82	22.60
-0.22	-0.19	0.00	0.00	34.19	47.47	35.81	22.53
-0.22	-0.20	0.00	0.00	34.22	47.49	35.78	22.51
-0.22	-0.20	0.00	0.00	34.20	47.54	35.80	22.46
-0.22	-0.20	0.00	0.00	34.19	47.61	35.81	22.39
-0.22	-0.20	0.00	0.00	34.20	47.68	35.80	22.32
-0.22	-0.20	0.00	0.00	34.27	47.76	35.73	22.24
-0.23	-0.20	0.00	0.00	34.24	47.75	35.76	22.25
-0.23	-0.20	0.00	0.00	34.20	47.82	35.80	22.18
-0.23	-0.20	0.00	0.00	34.22	47.87	35.78	22.13
-0.23	-0.20	0.00	0.00	34.28	47.95	35.72	22.05
-0.23	-0.20	0.00	0.00	34.28	47.96	35.72	22.04
-0.23	-0.20	0.00	0.00	34.22	48.02	35.78	21.98
-0.23	-0.21	0.00	0.00	34.23	48.08	35.77	21.92
-0.23	-0.21	0.00	0.00	34.26	48.14	35.74	21.86
-0.23	-0.21	0.00	0.00	34.28	48.15	35.72	21.85
-0.23	-0.21	0.00	0.00	34.25	48.18	35.75	21.82
-0.23	-0.21	0.00	0.00	34.22	48.22	35.78	21.78
-0.23	-0.21	0.00	0.00	34.23	48.28	35.77	21.72
-0.23	-0.21	0.00	0.00	34.27	48.30	35.73	21.70
-0.23	-0.21	0.00	0.00	34.26	48.35	35.74	21.65
-0.24	-0.21	0.00	0.00	34.22	48.37	35.78	21.63
-0.24	-0.21	0.00	0.00	34.20	48.42	35.80	21.58
-0.24	-0.21	0.00	0.00	34.23	48.43	35.77	21.57
-0.24	-0.21	0.00	0.00	34.26	48.49	35.74	21.51
-0.24	-0.21	0.00	0.00	34.23	48.48	35.77	21.52
-0.24	-0.21	0.00	0.00	34.16	48.60	35.84	21.40
-0.24	-0.21	0.00	0.00	34.18	48.62	35.82	21.38
-0.24	-0.22	0.00	0.00	34.25	48.76	35.75	21.24
-0.24	-0.22	0.00	0.00	34.24	48.76	35.76	21.24
-0.24	-0.22	0.00	0.00	34.18	48.82	35.82	21.18
-0.24	-0.22	0.00	0.00	34.18	48.86	35.82	21.14
-0.24	-0.22	0.00	0.00	34.23	48.90	35.77	21.10
-0.24	-0.22	0.00	0.00	34.24	48.93	35.76	21.07
-0.25	-0.22	0.00	0.00	34.18	48.94	35.82	21.06
-0.25	-0.22	0.00	0.00	34.16	48.97	35.84	21.03
-0.25	-0.22	0.00	0.00	34.20	49.01	35.80	20.99
-0.25	-0.22	0.00	0.00	34.22	49.05	35.78	20.95
-0.25	-0.22	0.00	0.00	34.18	49.05	35.82	20.95
-0.25	-0.22	0.00	0.00	34.16	49.10	35.84	20.90
-0.25	-0.22	0.00	0.00	34.18	49.11	35.82	20.89
-0.25	-0.22	0.00	0.00	34.20	49.11	35.80	20.89
-0.25	-0.22	0.00	0.00	34.18	49.13	35.82	20.87
-0.25	-0.22	0.00	0.00	34.17	49.18	35.83	20.82
-0.25	-0.22	0.00	0.00	34.17	49.20	35.83	20.80
-0.25	-0.22	0.00	0.00	34.19	49.22	35.81	20.78
-0.25	-0.22	0.00	0.00	34.20	49.25	35.80	20.75
-0.25	-0.22	0.00	0.00	34.15	49.26	35.85	20.74
-0.25	-0.22	0.00	0.00	34.15	49.29	35.85	20.71
-0.25	-0.23	0.00	0.00	34.17	49.33	35.83	20.67
-0.25	-0.23	0.00	0.00	34.21	49.35	35.79	20.65
-0.25	-0.23	0.00	0.00	34.15	49.37	35.85	20.63
-0.25	-0.23	0.00	0.00	34.15	49.39	35.85	20.61
-0.25	-0.23	0.00	0.00	34.17	49.46	35.83	20.54
-0.25	-0.23	0.00	0.00	34.20	49.46	35.80	20.54
-0.26	-0.23	0.00	0.00	34.16	49.56	35.84	20.44
-0.26	-0.23	0.00	0.00	34.17	49.57	35.83	20.43
-0.26	-0.23	0.00	0.00	34.15	49.60	35.85	20.40
-0.26	-0.23	0.00	0.00	34.19	49.61	35.81	20.39
-0.26	-0.23	0.00	0.00	34.16	49.62	35.84	20.38
-0.26	-0.23	0.00	0.00	34.15	49.65	35.85	20.35
-0.26	-0.23	0.00	0.00	34.14	49.71	35.86	20.29
-0.26	-0.23	0.00	0.00	34.17	49.72	35.83	20.28
-0.26	-0.23	0.00	0.00	34.18	49.75	35.82	20.25
-0.26	-0.23	0.00	0.00	34.15	49.74	35.85	20.26
-0.26	-0.23	0.00	0.00	34.15	49.78	35.85	20.22
-0.26	-0.23	0.00	0.00	34.18	49.80	35.82	20.20
-0.26	-0.23	0.00	0.00	34.19	49.83	35.81	20.17
-0.26	-0.23	0.00	0.00	34.17	49.83	35.83	20.17
-0.26	-0.23	0.00	0.00	34.15	49.88	35.85	20.12
-0.26	-0.23	0.00	0.00	34.17	49.90	35.83	20.10
-0.26	-0.24	0.00	0.00	34.20	49.97	35.80	20.03
-0.26	-0.24	0.00	0.00	34.19	49.96	35.81	20.04
-0.26	-0.24	0.00	0.00	34.18	50.06	35.82	19.94
-0.26	-0.24	0.00	0.00	34.18	50.06	35.82	19.94
-0.27	-0.24	0.00	0.00	34.18	50.09	35.82	19.91
-0.27	-0.24	0.00	0.00	34.19	50.13	35.81	19.87
-0.27	-0.24	0.00	0.00	34.16	50.16	35.84	19.84
-0.27	-0.24	0.00	0.00	34.17	50.16	35.83	19.84
-0.27	-0.24	0.00	0.00	34.15	50.17	35.85	19.83
-0.27	-0.24	0.00	0.00	34.16	50.19	35.84	19.81
-0.27	-0.24	0.00	0.00	34.13	50.24	35.87	19.76
-0.27	-0.24	0.00	0.00	34.13	50.29	35.87	19.71
-0.27	-0.24	0.00	0.00	34.16	50.30	35.84	19.70
-0.27	-0.24	0.00	0.00	34.12	50.32	35.88	19.68
-0.27	-0.24	0.00	0.00	34.11	50.35	35.89	19.65
-0.27	-0.24	0.00	0.00	34.11	50.39	35.89	19.61
-0.27	-0.24	0.00	0.00	34.13	50.41	35.87	19.59
-0.27	-0.24	0.00	0.00	34.13	50.42	35.87	19.58
-0.27	-0.24	0.00	0.00	34.11	50.46	35.89	19.54
-0.27	-0.24	0.00	0.00	34.11	50.49	35.89	19.51
-0.27	-0.24	0.00	0.00	34.13	50.53	35.87	19.47
-0.27	-0.24	0.00	0.00	34.13	50.51	35.87	19.49
-0.27	-0.24	0.00	0.00	34.09	50.58	35.91	19.42
-0.28	-0.24	0.00	0.00	34.09	50.60	35.91	19.40
-0.28	-0.25	0.00	0.00	34.11	50.68	35.89	19.32
-0.28	-0.25	0.00	0.00	34.12	50.67	35.88	19.33
-0.28	-0.25	0.00	0.00	34.07	50.73	35.93	19.27
-0.28	-0.25	0.00	0.00	34.07	50.77	35.93	19.23
-0.28	-0.25	0.00	0.00	34.09	50.82	35.91	19.18
-0.28	-0.25	0.00	0.00	34.14	50.84	35.86	19.16
-0.28	-0.25	0.00	0.00	34.12	50.89	35.88	19.11
-0.28	-0.25	0.00	0.00	34.09	50.92	35.91	19.08
-0.28	-0.25	0.00	0.00	34.10	50.96	35.90	19.04
-0.28	-0.25	0.00	0.00	34.13	50.99	35.87	19.01
-0.28	-0.25	0.00	0.00	34.14	50.98	35.86	19.02
-0.28	-0.25	0.00	0.00	34.08	51.02	35.92	18.98
-0.28	-0.25	0.00	0.00	34.09	51.05	35.91	18.95
-0.28	-0.25	0.00	0.00	34.10	51.07	35.90	18.93
-0.28	-0.25	0.00	0.00	34.14	51.07	35.86	18.93
-0.28	-0.25	0.00	0.00	34.10	51.09	35.90	18.91
-0.28	-0.25	0.00	0.00	34.09	51.14	35.91	18.86
-0.28	-0.25	0.00	0.00	34.08	51.18	35.92	18.82
-0.28	-0.26	0.00	0.00	34.13	51.21	35.87	18.79
-0.28	-0.26	0.00	0.00	34.13	51.23	35.87	18.77
-0.29	-0.26	0.00	0.00	34.09	51.24	35.91	18.76
-0.29	-0.26	0.00	0.00	34.11	51.31	35.89	18.69
-0.29	-0.26	0.00	0.00	34.15	51.30	35.85	18.70
-0.29	-0.26	0.00	0.00	34.14	51.31	35.86	18.69
-0.29	-0.26	0.00	0.00	34.12	51.31	35.88	18.69
-0.29	-0.26	0.00	0.00	34.10	51.39	35.90	18.61
-0.29	-0.26	0.00	0.00	34.13	51.41	35.87	18.59
-0.29	-0.26	0.00	0.00	34.16	51.43	35.84	18.57
-0.29	-0.26	0.00	0.00	34.12	51.44	35.88	18.56
-0.29	-0.26	0.00	0.00	34.09	51.47	35.91	18.53
-0.29	-0.26	0.00	0.00	34.11	51.50	35.89	18.50
-0.29	-0.26	0.00	0.00	34.13	51.49	35.87	18.51
-0.29	-0.26	0.00	0.00	34.16	51.55	35.84	18.45
-0.29	-0.26	0.00	0.00	34.12	51.54	35.88	18.46
-0.29	-0.26	0.00	0.00	34.11	51.64	35.89	18.36
-0.29	-0.26	0.00	0.00	34.14	51.61	35.86	18.39
-0.29	-0.26	0.00	0.00	34.15	51.65	35.85	18.35
-0.29	-0.26	0.00	0.00	34.11	51.64	35.89	18.36
-0.29	-0.26	0.00	0.00	34.10	51.69	35.90	18.31
-0.29	-0.26	0.00	0.00	34.12	51.74	35.88	18.26
-0.29	-0.26	0.00	0.00	34.14	51.71	35.86	18.29
-0.29	-0.26	0.00	0.00	34.10	51.73	35.90	18.27
-0.29	-0.26	0.00	0.00	34.07	51.72	35.93	18.28
-0.29	-0.26	0.00	0.00	34.08	51.76	35.92	18.24
-0.29	-0.26	0.00	0.00	34.11	51.76	35.89	18.24
-0.30	-0.26	0.00	0.00	34.09	51.80	35.91	18.20
-0.30	-0.26	0.00	0.00	34.06	51.80	35.94	18.20
-0.30	-0.26	0.00	0.00	34.04	51.84	35.96	18.16
-0.30	-0.27	0.00	0.00	34.08	51.87	35.92	18.13
-0.30	-0.27	0.00	0.00	34.07	51.86	35.93	18.14
-0.30	-0.27	0.00	0.00	34.06	51.88	35.94	18.12
-0.30	-0.27	0.00	0.00	34.04	51.88	35.96	18.12
-0.30	-0.27	0.00	0.00	34.07	51.91	35.93	18.09
-0.30	-0.27	0.00	0.00	34.09	51.92	35.91	18.08
-0.30	-0.27	0.00	0.00	34.06	51.93	35.94	18.07
-0.30	-0.27	0.00	0.00	34.05	51.93	35.95	18.07
-0.30	-0.27	0.00	0.00	34.09	51.94	35.91	18.06
-0.30	-0.27	0.00	0.00	34.08	51.94	35.92	18.06
-0.30	-0.27	0.00	0.00	34.09	51.96	35.91	18.04
-0.30	-0.27	0.00	0.00	34.08	51.98	35.92	18.02
-0.30	-0.27	0.00	0.00	34.08	51.98	35.92	18.02
-0.30	-0.27	0.00	0.00	34.14	52.02	35.86	17.98
-0.30	-0.27	0.00	0.00	34.12	52.01	35.88	17.99
-0.30	-0.27	0.00	0.00	34.09	52.08	35.91	17.92
-0.30	-0.27	0.00	0.00	34.09	52.06	35.91	17.94
-0.30	-0.27	0.00	0.00	34.14	52.10	35.86	17.90
-0.30	-0.27	0.00	0.00	34.13	52.10	35.87	17.90
-0.30	-0.27	0.00	0.00	34.12	52.12	35.88	17.88
-0.30	-0.27	0.00	0.00	34.11	52.11	35.89	17.89
-0.30	-0.27	0.00	0.00	34.16	52.12	35.84	17.88
-0.30	-0.27	0.00	0.00	34.14	52.10	35.86	17.90
-0.30	-0.27	0.00	0.00	34.14	52.16	35.86	17.84
-0.30	-0.27	0.00	0.00	34.15	52.17	35.85	17.83
-0.30	-0.27	0.00	0.00	34.17	52.16	35.83	17.84
-0.30	-0.27	0.00	0.00	34.15	52.16	35.85	17.84
-0.30	-0.27	0.00	0.00	34.13	52.15	35.87	17.85
-0.30	-0.27	0.00	0.00	34.14	52.19	35.86	17.81
-0.30	-0.27	0.00	0.00	34.17	52.20	35.83	17.80
-0.30	-0.27	0.00	0.00	34.17	52.19	35.83	17.81
-0.30	-0.27	0.00	0.00	34.16	52.21	35.84	17.79
-0.30	-0.27	0.00	0.00	34.13	52.21	35.87	17.79
-0.30	-0.27	0.00	0.00	34.16	52.21	35.84	17.79
-0.30	-0.27	0.00	0.00	34.16	52.18	35.84	17.82
-0.30	-0.27	0.00	0.00	34.15	52.18	35.85	17.82
-0.30	-0.27	0.00	0.00	34.12	52.20	35.88	17.80
-0.30	-0.27	0.00	0.00	34.13	52.22	35.87	17.78
-0.30	-0.27	0.00	0.00	34.20	52.24	35.80	17.76
-0.30	-0.27	0.00	0.00	34.16	52.23	35.84	17.77
-0.30	-0.27	0.00	0.00	34.13	52.28	35.87	17.72
-0.30	-0.27	0.00	0.00	34.14	52.27	35.86	17.73
-0.30	-0.27	0.00	0.00	34.17	52.29	35.83	17.71
-0.30	-0.27	0.00	0.00	34.16	52.26	35.84	17.74
-0.30	-0.27	0.00	0.00	34.10	52.32	35.90	17.68
-0.30	-0.27	0.00	0.00	34.10	52.33	35.90	17.67
-0.30	-0.28	0.00	0.00	34.16	52.35	35.84	17.65
-0.30	-0.27	0.00	0.00	34.15	52.33	35.85	17.67
-0.30	-0.27	0.00	0.00	34.11	52.31	35.89	17.69
-0.30	-0.27	0.00	0.00	34.08	52.33	35.92	17.67
-0.30	-0.27	0.00	0.00	34.12	52.32	35.88	17.68
-0.30	-0.27	0.00	0.00	34.13	52.31	35.87	17.69
-0.30	-0.27	0.00	0.00	34.13	52.29	35.87	17.71
-0.30	-0.27	0.00	0.00	34.07	52.36	35.93	17.64
-0.30	-0.27	0.00	0.00	34.06	52.35	35.94	17.65
-0.30	-0.28	0.00	0.00	34.15	52.41	35.85	17.59
-0.30	-0.28	0.00	0.00	34.15	52.39	35.85	17.61
-0.30	-0.27	0.00	0.00	34.09	52.38	35.91	17.62
-0.31	-0.28	0.00	0.00	34.10	52.42	35.90	17.58
-0.30	-0.28	0.00	0.00	34.14	52.43	35.86	17.57
-0.30	-0.28	0.00	0.00	34.18	52.44	35.82	17.56
-0.30	-0.28	0.00	0.00	34.12	52.41	35.88	17.59
-0.31	-0.28	0.00	0.00	34.11	52.43	35.89	17.57
-0.31	-0.28	0.00	0.00	34.13	52.45	35.87	17.55
-0.30	-0.28	0.00	0.00	34.18	52.47	35.82	17.53
-0.31	-0.28	0.00	0.00	34.15	52.47	35.85	17.53
-0.31	-0.28	0.00	0.00	34.13	52.50	35.87	17.50
-0.31	-0.28	0.00	0.00	34.13	52.53	35.87	17.47
-0.31	-0.28	0.00	0.00	34.18	52.51	35.82	17.49
-0.31	-0.28	0.00	0.00	34.18	52.54	35.82	17.46
-0.31	-0.28	0.00	0.00	34.13	52.55	35.87	17.45
-0.31	-0.28	0.00	0.00	34.15	52.59	35.85	17.41
-0.31	-0.28	0.00	0.00	34.18	52.60	35.82	17.40
-0.31	-0.28	0.00	0.00	34.19	52.59	35.81	17.41
-0.31	-0.28	0.00	0.00	34.16	52.59	35.84	17.41
-0.31	-0.28	0.00	0.00	34.13	52.60	35.87	17.40
-0.31	-0.28	0.00	0.00	34.16	52.62	35.84	17.38
-0.31	-0.28	0.00	0.00	34.20	52.63	35.80	17.37
-0.31	-0.28	0.00	0.00	34.18	52.67	35.82	17.33
-0.31	-0.28	0.00	0.00	34.16	52.67	35.84	17.33
-0.31	-0.28	0.00	0.00	34.17	52.72	35.83	17.28
-0.31	-0.28	0.00	0.00	34.19	52.70	35.81	17.30
-0.31	-0.28	0.00	0.00	34.20	52.74	35.80	17.26
-0.31	-0.28	0.00	0.00	34.18	52.73	35.82	17.27
-0.31	-0.28	0.00	0.00	34.15	52.77	35.85	17.23
-0.31	-0.28	0.00	0.00	34.21	52.78	35.79	17.22
-0.31	-0.28	0.00	0.00	34.20	52.78	35.80	17.22
-0.31	-0.28	0.00	0.00	34.17	52.79	35.83	17.21
-0.31	-0.28	0.00	0.00	34.15	52.81	35.85	17.19
-0.31	-0.28	0.00	0.00	34.18	52.83	35.82	17.16
-0.31	-0.28	0.00	0.00	34.19	52.85	35.81	17.15
-0.31	-0.28	0.00	0.00	34.18	52.84	35.82	17.16
-0.31	-0.28	0.00	0.00	34.15	52.88	35.85	17.12
-0.31	-0.28	0.00	0.00	34.14	52.87	35.86	17.13
-0.31	-0.29	0.00	0.00	34.23	52.96	35.77	17.04
-0.31	-0.29	0.00	0.00	34.22	52.92	35.78	17.08
-0.31	-0.29	0.00	0.00	34.19	53.00	35.81	17.00
-0.31	-0.29	0.00	0.00	34.17	52.98	35.83	17.02
-0.31	-0.29	0.00	0.00	34.24	53.09	35.76	16.91
-0.31	-0.29	0.00	0.00	34.26	53.08	35.74	16.92
-0.32	-0.29	0.00	0.00	34.21	53.13	35.79	16.87
-0.32	-0.29	0.00	0.00	34.20	53.12	35.80	16.88
-0.32	-0.29	0.00	0.00	34.22	53.14	35.78	16.86
-0.32	-0.29	0.00	0.00	34.23	53.14	35.77	16.86
-0.32	-0.29	0.00	0.00	34.19	53.17	35.81	16.83
-0.32	-0.29	0.00	0.00	34.20	53.21	35.80	16.79
-0.32	-0.29	0.00	0.00	34.21	53.20	35.79	16.80
-0.32	-0.29	0.00	0.00	34.21	53.22	35.79	16.78
-0.32	-0.29	0.00	0.00	34.19	53.23	35.81	16.77
-0.32	-0.29	0.00	0.00	34.17	53.28	35.83	16.72
-0.32	-0.29	0.00	0.00	34.20	53.25	35.80	16.75
-0.32	-0.29	0.00	0.00	34.20	53.34	35.80	16.66
-0.32	-0.29	0.00	0.00	34.19	53.32	35.81	16.68
-0.32	-0.29	0.00	0.00	34.19	53.40	35.81	16.60
-0.32	-0.29	0.00	0.00	34.20	53.40	35.80	16.60
-0.32	-0.29	0.00	0.00	34.20	53.37	35.80	16.63
-0.32	-0.29	0.00	0.00	34.20	53.41	35.80	16.59
-0.32	-0.29	0.00	0.00	34.18	53.43	35.82	16.57
-0.32	-0.29	0.00	0.00	34.22	53.47	35.78	16.53
-0.32	-0.29	0.00	0.00	34.22	53.46	35.78	16.54
-0.32	-0.29	0.00	0.00	34.22	53.48	35.78	16.52
-0.32	-0.29	0.00	0.00	34.19	53.48	35.81	16.52
-0.32	-0.30	0.00	0.00	34.23	53.54	35.77	16.46
-0.32	-0.30	0.00	0.00	34.26	53.52	35.74	16.48
-0.32	-0.30	0.00	0.00	34.22	53.51	35.78	16.49
-0.32	-0.30	0.00	0.00	34.23	53.55	35.77	16.45
-0.32	-0.30	0.00	0.00	34.22	53.55	35.78	16.45
-0.32	-0.30	0.00	0.00	34.27	53.59	35.73	16.41
-0.32	-0.30	0.00	0.00	34.26	53.57	35.74	16.43
-0.32	-0.30	0.00	0.00	34.23	53.59	35.77	16.41
-0.32	-0.30	0.00	0.00	34.22	53.60	35.78	16.40
-0.32	-0.30	0.00	0.00	34.25	53.61	35.75	16.39
-0.32	-0.30	0.00	0.00	34.28	53.63	35.72	16.37
-0.32	-0.30	0.00	0.00	34.24	53.62	35.76	16.38
-0.32	-0.30	0.00	0.00	34.22	53.63	35.78	16.37
-0.32	-0.30	0.00	0.00	34.25	53.66	35.75	16.34
-0.32	-0.30	0.00	0.00	34.28	53.65	35.72	16.35
-0.32	-0.30	0.00	0.00	34.27	53.64	35.73	16.36
-0.32	-0.30	0.00	0.00	34.22	53.65	35.78	16.35
-0.32	-0.30	0.00	0.00	34.22	53.69	35.78	16.31
-0.32	-0.30	0.00	0.00	34.28	53.71	35.72	16.29
-0.32	-0.30	0.00	0.00	34.28	53.70	35.72	16.30
-0.32	-0.30	0.00	0.00	34.23	53.69	35.77	16.31
-0.33	-0.30	0.00	0.00	34.21	53.72	35.79	16.28
-0.32	-0.30	0.00	0.00	34.26	53.73	35.74	16.27
-0.32	-0.30	0.00	0.00	34.29	53.74	35.71	16.26
-0.32	-0.30	0.00	0.00	34.25	53.72	35.75	16.28
-0.33	-0.30	0.00	0.00	34.22	53.76	35.78	16.24
-0.33	-0.30	0.00	0.00	34.23	53.76	35.77	16.24
-0.33	-0.30	0.00	0.00	34.27	53.78	35.73	16.22
-0.33	-0.30	0.00	0.00	34.26	53.76	35.74	16.24
-0.33	-0.30	0.00	0.00	34.21	53.77	35.79	16.23
-0.33	-0.30	0.00	0.00	34.23	53.81	35.77	16.19
-0.33	-0.30	0.00	0.00	34.25	53.79	35.75	16.21
-0.33	-0.30	0.00	0.00	34.26	53.84	35.74	16.16
-0.33	-0.30	0.00	0.00	34.22	53.79	35.78	16.21
-0.33	-0.30	0.00	0.00	34.21	53.89	35.79	16.11
-0.33	-0.30	0.00	0.00	34.24	53.89	35.76	16.11
-0.33	-0.30	0.00	0.00	34.26	53.91	35.74	16.09
-0.33	-0.30	0.00	0.00	34.25	53.91	35.75	16.09
-0.33	-0.30	0.00	0.00	34.21	53.90	35.79	16.10
-0.33	-0.30	0.00	0.00	34.23	53.92	35.77	16.08
-0.33	-0.30	0.00	0.00	34.27	53.92	35.73	16.08
-0.33	-0.30	0.00	0.00	34.28	53.95	35.72	16.05
-0.33	-0.30	0.00	0.00	34.22	53.94	35.78	16.06
-0.33	-0.30	0.00	0.00	34.21	53.97	35.79	16.03
-0.33	-0.30	0.00	0.00	34.26	53.96	35.74	16.04
-0.33	-0.30	0.00	0.00	34.26	53.98	35.74	16.02
-0.33	-0.30	0.00	0.00	34.24	53.99	35.76	16.01
-0.33	-0.30	0.00	0.00	34.22	53.99	35.78	16.01
-0.33	-0.30	0.00	0.00	34.26	54.04	35.74	15.96
-0.33	-0.30	0.00	0.00	34.27	54.01	35.73	15.99
-0.33	-0.31	0.00	0.00	34.25	54.07	35.75	15.93
-0.33	-0.30	0.00	0.00	34.23	54.05	35.77	15.95
-0.33	-0.31	0.00	0.00	34.23	54.08	35.77	15.92
-0.33	-0.31	0.00	0.00	34.26	54.07	35.74	15.93
-0.33	-0.31	0.00	0.00	34.25	54.08	35.75	15.92
-0.33	-0.31	0.00	0.00	34.23	54.08	35.77	15.92
-0.33	-0.31	0.00	0.00	34.21	54.12	35.79	15.88
-0.33	-0.31	0.00	0.00	34.25	54.13	35.75	15.87
-0.33	-0.31	0.00	0.00	34.27	54.12	35.73	15.88
-0.33	-0.31	0.00	0.00	34.24	54.14	35.76	15.86
-0.33	-0.31	0.00	0.00	34.23	54.13	35.77	15.87
-0.33	-0.31	0.00	0.00	34.24	54.16	35.76	15.84
-0.33	-0.31	0.00	0.00	34.27	54.17	35.73	15.83
-0.33	-0.31	0.00	0.00	34.24	54.19	35.76	15.81
-0.33	-0.31	0.00	0.00	34.23	54.21	35.77	15.79
-0.33	-0.31	0.00	0.00	34.24	54.24	35.76	15.76
-0.33	-0.31	0.00	0.00	34.27	54.24	35.73	15.76
-0.33	-0.31	0.00	0.00	34.26	54.25	35.74	15.75
-0.33	-0.31	0.00	0.00	34.24	54.29	35.76	15.71
-0.33	-0.31	0.00	0.00	34.23	54.32	35.77	15.68
-0.33	-0.31	0.00	0.00	34.25	54.31	35.75	15.69
-0.33	-0.31	0.00	0.00	34.24	54.31	35.76	15.69
-0.34	-0.31	0.00	0.00	34.24	54.37	35.76	15.63
-0.34	-0.31	0.00	0.00	34.24	54.37	35.76	15.63
-0.34	-0.31	0.00	0.00	34.23	54.40	35.77	15.60
-0.34	-0.31	0.00	0.00	34.25	54.38	35.75	15.62
-0.34	-0.31	0.00	0.00	34.21	54.42	35.79	15.58
-0.34	-0.31	0.00	0.00	34.19	54.43	35.81	15.57
-0.34	-0.31	0.00	0.00	34.24	54.44	35.76	15.56
-0.34	-0.31	0.00	0.00	34.23	54.46	35.77	15.54
-0.34	-0.31	0.00	0.00	34.21	54.47	35.79	15.53
-0.34	-0.31	0.00	0.00	34.22	54.49	35.78	15.51
-0.34	-0.31	0.00	0.00	34.21	54.46	35.79	15.54
-0.34	-0.31	0.00	0.00	34.23	54.52	35.77	15.48
-0.34	-0.31	0.00	0.00	34.21	54.51	35.79	15.49
-0.34	-0.31	0.00	0.00	34.21	54.58	35.79	15.42
-0.34	-0.31	0.00	0.00	34.22	54.58	35.78	15.42
-0.34	-0.31	0.00	0.00	34.22	54.62	35.78	15.38
-0.34	-0.31	0.00	0.00	34.22	54.61	35.78	15.39
-0.34	-0.31	0.00	0.00	34.20	54.65	35.80	15.35
-0.34	-0.31	0.00	0.00	34.22	54.65	35.78	15.35
-0.34	-0.31	0.00	0.00	34.22	54.67	35.78	15.33
-0.34	-0.32	0.00	0.00	34.21	54.69	35.79	15.31
-0.34	-0.32	0.00	0.00	34.20	54.71	35.80	15.29
-0.34	-0.32	0.00	0.00	34.21	54.73	35.79	15.27
-0.34	-0.32	0.00	0.00	34.22	54.71	35.78	15.29
-0.34	-0.32	0.00	0.00	34.20	54.72	35.80	15.28
-0.34	-0.32	0.00	0.00	34.19	54.75	35.81	15.25
-0.34	-0.32	0.00	0.00	34.19	54.76	35.81	15.24
-0.34	-0.32	0.00	0.00	34.23	54.78	35.77	15.22
-0.34	-0.32	0.00	0.00	34.23	54.76	35.77	15.24
-0.34	-0.32	0.00	0.00	34.21	54.83	35.79	15.17
-0.34	-0.32	0.00	0.00	34.20	54.85	35.80	15.15
-0.34	-0.32	0.00	0.00	34.26	54.93	35.74	15.07
-0.34	-0.32	0.00	0.00	34.28	54.90	35.72	15.10
-0.35	-0.32	0.00	0.00	34.21	54.93	35.79	15.07
-0.35	-0.32	0.00	0.00	34.21	54.95	35.79	15.05
-0.35	-0.32	0.00	0.00	34.22	55.01	35.78	14.99
-0.35	-0.32	0.00	0.00	34.23	54.98	35.77	15.02
-0.35	-0.32	0.00	0.00	34.21	55.00	35.79	15.00
-0.35	-0.32	0.00	0.00	34.18	54.98	35.82	15.02
-0.35	-0.32	0.00	0.00	34.22	55.08	35.78	14.92
-0.35	-0.32	0.00	0.00	34.25	55.09	35.75	14.91
-0.35	-0.32	0.00	0.00	34.25	55.12	35.75	14.88
-0.35	-0.32	0.00	0.00	34.23	55.10	35.77	14.90
-0.35	-0.32	0.00	0.00	34.20	55.12	35.80	14.88
-0.35	-0.32	0.00	0.00	34.24	55.14	35.76	14.86
-0.35	-0.32	0.00	0.00	34.26	55.15	35.74	14.85
-0.35	-0.32	0.00	0.00	34.24	55.16	35.76	14.84
-0.35	-0.32	0.00	0.00	34.21	55.20	35.79	14.80
-0.35	-0.32	0.00	0.00	34.22	55.20	35.78	14.80
-0.35	-0.32	0.00	0.00	34.25	55.21	35.75	14.79
-0.35	-0.32	0.00	0.00	34.26	55.19	35.74	14.81
-0.35	-0.32	0.00	0.00	34.20	55.21	35.80	14.79
-0.35	-0.32	0.00	0.00	34.21	55.24	35.79	14.76
-0.35	-0.32	0.00	0.00	34.23	55.25	35.77	14.75
-0.35	-0.32	0.00	0.00	34.25	55.24	35.75	14.76
-0.35	-0.32	0.00	0.00	34.21	55.22	35.79	14.78
-0.35	-0.32	0.00	0.00	34.19	55.28	35.81	14.72
-0.35	-0.32	0.00	0.00	34.20	55.27	35.80	14.73
-0.35	-0.32	0.00	0.00	34.22	55.26	35.78	14.74
-0.35	-0.32	0.00	0.00	34.20	55.25	35.80	14.75
-0.35	-0.32	0.00	0.00	34.17	55.27	35.83	14.73
-0.35	-0.32	0.00	0.00	34.18	55.31	35.82	14.69
